KÃ˜N,ALDER1,UDDANNELSE,VARTILBAGE,TID,INDHOLD
1,0,1,3,0,3502
1,0,1,3,1,3727
1,0,1,3,2,3137
1,0,1,3,3,3147
1,0,1,3,4,3000
1,0,1,3,5,2599
1,0,1,3,6,2657
1,0,1,3,7,2162
1,0,1,3,8,2506
1,0,1,3,9,2401
1,0,1,3,10,2584
1,0,1,3,11,3217
1,0,1,3,12,3380
1,0,1,2,0,1930
1,0,1,2,1,1875
1,0,1,2,2,1745
1,0,1,2,3,2008
1,0,1,2,4,1956
1,0,1,2,5,1912
1,0,1,2,6,1828
1,0,1,2,7,1545
1,0,1,2,8,1695
1,0,1,2,9,1548
1,0,1,2,10,1714
1,0,1,2,11,1745
1,0,1,2,12,1771
1,0,1,1,0,1015
1,0,1,1,1,988
1,0,1,1,2,985
1,0,1,1,3,993
1,0,1,1,4,969
1,0,1,1,5,873
1,0,1,1,6,771
1,0,1,1,7,689
1,0,1,1,8,795
1,0,1,1,9,782
1,0,1,1,10,764
1,0,1,1,11,918
1,0,1,1,12,829
1,0,1,0,0,1119
1,0,1,0,1,1190
1,0,1,0,2,1292
1,0,1,0,3,1196
1,0,1,0,4,1162
1,0,1,0,5,968
1,0,1,0,6,945
1,0,1,0,7,819
1,0,1,0,8,920
1,0,1,0,9,914
1,0,1,0,10,883
1,0,1,0,11,972
1,0,1,0,12,1006
1,0,2,3,0,1102
1,0,2,3,1,1357
1,0,2,3,2,1391
1,0,2,3,3,1623
1,0,2,3,4,1912
1,0,2,3,5,2044
1,0,2,3,6,2063
1,0,2,3,7,1801
1,0,2,3,8,2559
1,0,2,3,9,2776
1,0,2,3,10,2729
1,0,2,3,11,2831
1,0,2,3,12,2026
1,0,2,2,0,138
1,0,2,2,1,188
1,0,2,2,2,179
1,0,2,2,3,257
1,0,2,2,4,357
1,0,2,2,5,378
1,0,2,2,6,384
1,0,2,2,7,319
1,0,2,2,8,441
1,0,2,2,9,516
1,0,2,2,10,537
1,0,2,2,11,562
1,0,2,2,12,410
1,0,2,1,0,108
1,0,2,1,1,111
1,0,2,1,2,164
1,0,2,1,3,201
1,0,2,1,4,269
1,0,2,1,5,229
1,0,2,1,6,252
1,0,2,1,7,219
1,0,2,1,8,291
1,0,2,1,9,291
1,0,2,1,10,331
1,0,2,1,11,300
1,0,2,1,12,250
1,0,2,0,0,134
1,0,2,0,1,193
1,0,2,0,2,208
1,0,2,0,3,259
1,0,2,0,4,332
1,0,2,0,5,336
1,0,2,0,6,310
1,0,2,0,7,300
1,0,2,0,8,323
1,0,2,0,9,377
1,0,2,0,10,412
1,0,2,0,11,362
1,0,2,0,12,335
1,0,0,3,0,2011
1,0,0,3,1,2265
1,0,0,3,2,1924
1,0,0,3,3,2013
1,0,0,3,4,1959
1,0,0,3,5,1809
1,0,0,3,6,1821
1,0,0,3,7,1484
1,0,0,3,8,965
1,0,0,3,9,1035
1,0,0,3,10,970
1,0,0,3,11,1056
1,0,0,3,12,1023
1,0,0,2,0,730
1,0,0,2,1,734
1,0,0,2,2,742
1,0,0,2,3,916
1,0,0,2,4,1034
1,0,0,2,5,932
1,0,0,2,6,812
1,0,0,2,7,648
1,0,0,2,8,340
1,0,0,2,9,323
1,0,0,2,10,384
1,0,0,2,11,415
1,0,0,2,12,377
1,0,0,1,0,471
1,0,0,1,1,449
1,0,0,1,2,529
1,0,0,1,3,567
1,0,0,1,4,590
1,0,0,1,5,522
1,0,0,1,6,470
1,0,0,1,7,367
1,0,0,1,8,201
1,0,0,1,9,217
1,0,0,1,10,213
1,0,0,1,11,215
1,0,0,1,12,268
1,0,0,0,0,513
1,0,0,0,1,640
1,0,0,0,2,676
1,0,0,0,3,682
1,0,0,0,4,672
1,0,0,0,5,589
1,0,0,0,6,540
1,0,0,0,7,419
1,0,0,0,8,258
1,0,0,0,9,264
1,0,0,0,10,298
1,0,0,0,11,283
1,0,0,0,12,274
1,0,4,3,0,19
1,0,4,3,1,18
1,0,4,3,2,27
1,0,4,3,3,17
1,0,4,3,4,35
1,0,4,3,5,27
1,0,4,3,6,28
1,0,4,3,7,24
1,0,4,3,8,23
1,0,4,3,9,21
1,0,4,3,10,33
1,0,4,3,11,7
1,0,4,3,12,11
1,0,4,2,0,0
1,0,4,2,1,1
1,0,4,2,2,3
1,0,4,2,3,1
1,0,4,2,4,1
1,0,4,2,5,9
1,0,4,2,6,5
1,0,4,2,7,4
1,0,4,2,8,2
1,0,4,2,9,3
1,0,4,2,10,3
1,0,4,2,11,3
1,0,4,2,12,2
1,0,4,1,0,1
1,0,4,1,1,0
1,0,4,1,2,0
1,0,4,1,3,1
1,0,4,1,4,4
1,0,4,1,5,1
1,0,4,1,6,2
1,0,4,1,7,0
1,0,4,1,8,3
1,0,4,1,9,3
1,0,4,1,10,3
1,0,4,1,11,0
1,0,4,1,12,0
1,0,4,0,0,2
1,0,4,0,1,2
1,0,4,0,2,3
1,0,4,0,3,2
1,0,4,0,4,4
1,0,4,0,5,6
1,0,4,0,6,7
1,0,4,0,7,2
1,0,4,0,8,4
1,0,4,0,9,3
1,0,4,0,10,2
1,0,4,0,11,1
1,0,4,0,12,4
1,0,3,3,0,96
1,0,3,3,1,105
1,0,3,3,2,59
1,0,3,3,3,76
1,0,3,3,4,62
1,0,3,3,5,47
1,0,3,3,6,36
1,0,3,3,7,42
1,0,3,3,8,53
1,0,3,3,9,54
1,0,3,3,10,68
1,0,3,3,11,56
1,0,3,3,12,39
1,0,3,2,0,124
1,0,3,2,1,107
1,0,3,2,2,65
1,0,3,2,3,63
1,0,3,2,4,38
1,0,3,2,5,28
1,0,3,2,6,27
1,0,3,2,7,23
1,0,3,2,8,33
1,0,3,2,9,27
1,0,3,2,10,27
1,0,3,2,11,21
1,0,3,2,12,9
1,0,3,1,0,44
1,0,3,1,1,32
1,0,3,1,2,36
1,0,3,1,3,21
1,0,3,1,4,16
1,0,3,1,5,10
1,0,3,1,6,11
1,0,3,1,7,7
1,0,3,1,8,9
1,0,3,1,9,6
1,0,3,1,10,15
1,0,3,1,11,9
1,0,3,1,12,7
1,0,3,0,0,49
1,0,3,0,1,35
1,0,3,0,2,36
1,0,3,0,3,19
1,0,3,0,4,13
1,0,3,0,5,12
1,0,3,0,6,12
1,0,3,0,7,12
1,0,3,0,8,18
1,0,3,0,9,14
1,0,3,0,10,11
1,0,3,0,11,13
1,0,3,0,12,14
1,1,1,3,0,2908
1,1,1,3,1,3102
1,1,1,3,2,2848
1,1,1,3,3,2761
1,1,1,3,4,2662
1,1,1,3,5,2614
1,1,1,3,6,2609
1,1,1,3,7,2530
1,1,1,3,8,2396
1,1,1,3,9,2376
1,1,1,3,10,2599
1,1,1,3,11,2686
1,1,1,3,12,2766
1,1,1,2,0,1921
1,1,1,2,1,1967
1,1,1,2,2,2040
1,1,1,2,3,2233
1,1,1,2,4,2502
1,1,1,2,5,2492
1,1,1,2,6,2227
1,1,1,2,7,1963
1,1,1,2,8,2046
1,1,1,2,9,2042
1,1,1,2,10,2260
1,1,1,2,11,2260
1,1,1,2,12,2350
1,1,1,1,0,890
1,1,1,1,1,906
1,1,1,1,2,935
1,1,1,1,3,1008
1,1,1,1,4,1035
1,1,1,1,5,955
1,1,1,1,6,856
1,1,1,1,7,790
1,1,1,1,8,846
1,1,1,1,9,870
1,1,1,1,10,951
1,1,1,1,11,988
1,1,1,1,12,1021
1,1,1,0,0,887
1,1,1,0,1,1044
1,1,1,0,2,1075
1,1,1,0,3,986
1,1,1,0,4,1010
1,1,1,0,5,881
1,1,1,0,6,897
1,1,1,0,7,845
1,1,1,0,8,879
1,1,1,0,9,875
1,1,1,0,10,966
1,1,1,0,11,1016
1,1,1,0,12,923
1,1,2,3,0,1129
1,1,2,3,1,1193
1,1,2,3,2,1082
1,1,2,3,3,1344
1,1,2,3,4,1555
1,1,2,3,5,1798
1,1,2,3,6,1891
1,1,2,3,7,1767
1,1,2,3,8,1983
1,1,2,3,9,1977
1,1,2,3,10,2157
1,1,2,3,11,3047
1,1,2,3,12,2815
1,1,2,2,0,136
1,1,2,2,1,157
1,1,2,2,2,162
1,1,2,2,3,231
1,1,2,2,4,278
1,1,2,2,5,296
1,1,2,2,6,293
1,1,2,2,7,300
1,1,2,2,8,283
1,1,2,2,9,363
1,1,2,2,10,391
1,1,2,2,11,493
1,1,2,2,12,525
1,1,2,1,0,96
1,1,2,1,1,98
1,1,2,1,2,127
1,1,2,1,3,151
1,1,2,1,4,180
1,1,2,1,5,174
1,1,2,1,6,181
1,1,2,1,7,172
1,1,2,1,8,191
1,1,2,1,9,209
1,1,2,1,10,222
1,1,2,1,11,308
1,1,2,1,12,315
1,1,2,0,0,121
1,1,2,0,1,160
1,1,2,0,2,163
1,1,2,0,3,202
1,1,2,0,4,234
1,1,2,0,5,243
1,1,2,0,6,246
1,1,2,0,7,229
1,1,2,0,8,241
1,1,2,0,9,273
1,1,2,0,10,310
1,1,2,0,11,391
1,1,2,0,12,424
1,1,0,3,0,3506
1,1,0,3,1,3502
1,1,0,3,2,3458
1,1,0,3,3,3776
1,1,0,3,4,4243
1,1,0,3,5,4612
1,1,0,3,6,4398
1,1,0,3,7,4054
1,1,0,3,8,3479
1,1,0,3,9,3373
1,1,0,3,10,3044
1,1,0,3,11,3224
1,1,0,3,12,3160
1,1,0,2,0,848
1,1,0,2,1,860
1,1,0,2,2,1033
1,1,0,2,3,1303
1,1,0,2,4,1565
1,1,0,2,5,1597
1,1,0,2,6,1388
1,1,0,2,7,1222
1,1,0,2,8,960
1,1,0,2,9,873
1,1,0,2,10,880
1,1,0,2,11,983
1,1,0,2,12,932
1,1,0,1,0,593
1,1,0,1,1,497
1,1,0,1,2,601
1,1,0,1,3,815
1,1,0,1,4,889
1,1,0,1,5,858
1,1,0,1,6,786
1,1,0,1,7,666
1,1,0,1,8,624
1,1,0,1,9,544
1,1,0,1,10,561
1,1,0,1,11,565
1,1,0,1,12,597
1,1,0,0,0,649
1,1,0,0,1,691
1,1,0,0,2,851
1,1,0,0,3,953
1,1,0,0,4,1097
1,1,0,0,5,980
1,1,0,0,6,984
1,1,0,0,7,888
1,1,0,0,8,785
1,1,0,0,9,764
1,1,0,0,10,705
1,1,0,0,11,759
1,1,0,0,12,706
1,1,4,3,0,596
1,1,4,3,1,681
1,1,4,3,2,714
1,1,4,3,3,947
1,1,4,3,4,1280
1,1,4,3,5,1339
1,1,4,3,6,1386
1,1,4,3,7,1246
1,1,4,3,8,1173
1,1,4,3,9,1101
1,1,4,3,10,1094
1,1,4,3,11,716
1,1,4,3,12,710
1,1,4,2,0,57
1,1,4,2,1,57
1,1,4,2,2,67
1,1,4,2,3,98
1,1,4,2,4,147
1,1,4,2,5,164
1,1,4,2,6,160
1,1,4,2,7,134
1,1,4,2,8,155
1,1,4,2,9,135
1,1,4,2,10,156
1,1,4,2,11,98
1,1,4,2,12,107
1,1,4,1,0,41
1,1,4,1,1,32
1,1,4,1,2,56
1,1,4,1,3,79
1,1,4,1,4,96
1,1,4,1,5,122
1,1,4,1,6,126
1,1,4,1,7,105
1,1,4,1,8,84
1,1,4,1,9,90
1,1,4,1,10,98
1,1,4,1,11,54
1,1,4,1,12,63
1,1,4,0,0,53
1,1,4,0,1,51
1,1,4,0,2,77
1,1,4,0,3,102
1,1,4,0,4,160
1,1,4,0,5,130
1,1,4,0,6,167
1,1,4,0,7,130
1,1,4,0,8,119
1,1,4,0,9,117
1,1,4,0,10,151
1,1,4,0,11,82
1,1,4,0,12,78
1,1,3,3,0,359
1,1,3,3,1,452
1,1,3,3,2,396
1,1,3,3,3,435
1,1,3,3,4,413
1,1,3,3,5,326
1,1,3,3,6,346
1,1,3,3,7,303
1,1,3,3,8,294
1,1,3,3,9,332
1,1,3,3,10,350
1,1,3,3,11,437
1,1,3,3,12,437
1,1,3,2,0,241
1,1,3,2,1,245
1,1,3,2,2,242
1,1,3,2,3,227
1,1,3,2,4,235
1,1,3,2,5,153
1,1,3,2,6,136
1,1,3,2,7,115
1,1,3,2,8,105
1,1,3,2,9,101
1,1,3,2,10,89
1,1,3,2,11,121
1,1,3,2,12,152
1,1,3,1,0,105
1,1,3,1,1,99
1,1,3,1,2,90
1,1,3,1,3,100
1,1,3,1,4,82
1,1,3,1,5,85
1,1,3,1,6,50
1,1,3,1,7,55
1,1,3,1,8,47
1,1,3,1,9,52
1,1,3,1,10,52
1,1,3,1,11,73
1,1,3,1,12,64
1,1,3,0,0,94
1,1,3,0,1,120
1,1,3,0,2,102
1,1,3,0,3,75
1,1,3,0,4,95
1,1,3,0,5,73
1,1,3,0,6,64
1,1,3,0,7,42
1,1,3,0,8,62
1,1,3,0,9,50
1,1,3,0,10,72
1,1,3,0,11,60
1,1,3,0,12,64
1,2,1,3,0,2126
1,2,1,3,1,2150
1,2,1,3,2,2110
1,2,1,3,3,2051
1,2,1,3,4,2204
1,2,1,3,5,2132
1,2,1,3,6,2477
1,2,1,3,7,2285
1,2,1,3,8,2167
1,2,1,3,9,1968
1,2,1,3,10,2180
1,2,1,3,11,2213
1,2,1,3,12,2538
1,2,1,2,0,1162
1,2,1,2,1,1189
1,2,1,2,2,1243
1,2,1,2,3,1425
1,2,1,2,4,1530
1,2,1,2,5,1477
1,2,1,2,6,1394
1,2,1,2,7,1389
1,2,1,2,8,1317
1,2,1,2,9,1286
1,2,1,2,10,1502
1,2,1,2,11,1591
1,2,1,2,12,1698
1,2,1,1,0,599
1,2,1,1,1,585
1,2,1,1,2,619
1,2,1,1,3,698
1,2,1,1,4,647
1,2,1,1,5,696
1,2,1,1,6,654
1,2,1,1,7,668
1,2,1,1,8,584
1,2,1,1,9,714
1,2,1,1,10,717
1,2,1,1,11,754
1,2,1,1,12,774
1,2,1,0,0,625
1,2,1,0,1,645
1,2,1,0,2,758
1,2,1,0,3,660
1,2,1,0,4,757
1,2,1,0,5,679
1,2,1,0,6,695
1,2,1,0,7,659
1,2,1,0,8,685
1,2,1,0,9,680
1,2,1,0,10,793
1,2,1,0,11,731
1,2,1,0,12,843
1,2,2,3,0,465
1,2,2,3,1,440
1,2,2,3,2,386
1,2,2,3,3,400
1,2,2,3,4,459
1,2,2,3,5,453
1,2,2,3,6,535
1,2,2,3,7,585
1,2,2,3,8,555
1,2,2,3,9,598
1,2,2,3,10,641
1,2,2,3,11,891
1,2,2,3,12,1137
1,2,2,2,0,72
1,2,2,2,1,87
1,2,2,2,2,74
1,2,2,2,3,73
1,2,2,2,4,80
1,2,2,2,5,81
1,2,2,2,6,98
1,2,2,2,7,98
1,2,2,2,8,99
1,2,2,2,9,105
1,2,2,2,10,153
1,2,2,2,11,193
1,2,2,2,12,255
1,2,2,1,0,48
1,2,2,1,1,48
1,2,2,1,2,58
1,2,2,1,3,56
1,2,2,1,4,54
1,2,2,1,5,57
1,2,2,1,6,53
1,2,2,1,7,66
1,2,2,1,8,59
1,2,2,1,9,81
1,2,2,1,10,101
1,2,2,1,11,129
1,2,2,1,12,129
1,2,2,0,0,59
1,2,2,0,1,72
1,2,2,0,2,54
1,2,2,0,3,68
1,2,2,0,4,62
1,2,2,0,5,91
1,2,2,0,6,98
1,2,2,0,7,89
1,2,2,0,8,80
1,2,2,0,9,97
1,2,2,0,10,142
1,2,2,0,11,171
1,2,2,0,12,185
1,2,0,3,0,3094
1,2,0,3,1,3065
1,2,0,3,2,2751
1,2,0,3,3,3070
1,2,0,3,4,3119
1,2,0,3,5,3091
1,2,0,3,6,3211
1,2,0,3,7,3249
1,2,0,3,8,3112
1,2,0,3,9,3064
1,2,0,3,10,3024
1,2,0,3,11,3244
1,2,0,3,12,3733
1,2,0,2,0,572
1,2,0,2,1,530
1,2,0,2,2,588
1,2,0,2,3,712
1,2,0,2,4,754
1,2,0,2,5,729
1,2,0,2,6,747
1,2,0,2,7,725
1,2,0,2,8,629
1,2,0,2,9,618
1,2,0,2,10,715
1,2,0,2,11,824
1,2,0,2,12,918
1,2,0,1,0,360
1,2,0,1,1,375
1,2,0,1,2,382
1,2,0,1,3,422
1,2,0,1,4,436
1,2,0,1,5,461
1,2,0,1,6,420
1,2,0,1,7,449
1,2,0,1,8,464
1,2,0,1,9,427
1,2,0,1,10,458
1,2,0,1,11,566
1,2,0,1,12,557
1,2,0,0,0,487
1,2,0,0,1,515
1,2,0,0,2,513
1,2,0,0,3,523
1,2,0,0,4,600
1,2,0,0,5,505
1,2,0,0,6,566
1,2,0,0,7,578
1,2,0,0,8,597
1,2,0,0,9,526
1,2,0,0,10,631
1,2,0,0,11,668
1,2,0,0,12,762
1,2,4,3,0,1130
1,2,4,3,1,1122
1,2,4,3,2,994
1,2,4,3,3,1203
1,2,4,3,4,1330
1,2,4,3,5,1439
1,2,4,3,6,1625
1,2,4,3,7,1632
1,2,4,3,8,1644
1,2,4,3,9,1502
1,2,4,3,10,1545
1,2,4,3,11,1533
1,2,4,3,12,1701
1,2,4,2,0,79
1,2,4,2,1,65
1,2,4,2,2,82
1,2,4,2,3,103
1,2,4,2,4,104
1,2,4,2,5,167
1,2,4,2,6,155
1,2,4,2,7,134
1,2,4,2,8,169
1,2,4,2,9,146
1,2,4,2,10,155
1,2,4,2,11,171
1,2,4,2,12,189
1,2,4,1,0,81
1,2,4,1,1,70
1,2,4,1,2,67
1,2,4,1,3,88
1,2,4,1,4,84
1,2,4,1,5,97
1,2,4,1,6,123
1,2,4,1,7,115
1,2,4,1,8,110
1,2,4,1,9,105
1,2,4,1,10,148
1,2,4,1,11,101
1,2,4,1,12,134
1,2,4,0,0,98
1,2,4,0,1,99
1,2,4,0,2,110
1,2,4,0,3,110
1,2,4,0,4,151
1,2,4,0,5,167
1,2,4,0,6,157
1,2,4,0,7,155
1,2,4,0,8,146
1,2,4,0,9,173
1,2,4,0,10,192
1,2,4,0,11,192
1,2,4,0,12,191
1,2,3,3,0,440
1,2,3,3,1,562
1,2,3,3,2,637
1,2,3,3,3,674
1,2,3,3,4,763
1,2,3,3,5,622
1,2,3,3,6,628
1,2,3,3,7,662
1,2,3,3,8,627
1,2,3,3,9,631
1,2,3,3,10,738
1,2,3,3,11,898
1,2,3,3,12,1002
1,2,3,2,0,177
1,2,3,2,1,213
1,2,3,2,2,232
1,2,3,2,3,252
1,2,3,2,4,290
1,2,3,2,5,221
1,2,3,2,6,200
1,2,3,2,7,177
1,2,3,2,8,171
1,2,3,2,9,187
1,2,3,2,10,212
1,2,3,2,11,203
1,2,3,2,12,242
1,2,3,1,0,69
1,2,3,1,1,107
1,2,3,1,2,110
1,2,3,1,3,127
1,2,3,1,4,106
1,2,3,1,5,89
1,2,3,1,6,107
1,2,3,1,7,88
1,2,3,1,8,89
1,2,3,1,9,105
1,2,3,1,10,96
1,2,3,1,11,119
1,2,3,1,12,122
1,2,3,0,0,78
1,2,3,0,1,117
1,2,3,0,2,142
1,2,3,0,3,113
1,2,3,0,4,134
1,2,3,0,5,122
1,2,3,0,6,126
1,2,3,0,7,113
1,2,3,0,8,107
1,2,3,0,9,101
1,2,3,0,10,113
1,2,3,0,11,150
1,2,3,0,12,173
1,3,1,3,0,1996
1,3,1,3,1,2051
1,3,1,3,2,1929
1,3,1,3,3,1932
1,3,1,3,4,2032
1,3,1,3,5,1808
1,3,1,3,6,1969
1,3,1,3,7,1992
1,3,1,3,8,1836
1,3,1,3,9,1728
1,3,1,3,10,1838
1,3,1,3,11,1990
1,3,1,3,12,2393
1,3,1,2,0,894
1,3,1,2,1,891
1,3,1,2,2,996
1,3,1,2,3,1098
1,3,1,2,4,1038
1,3,1,2,5,1028
1,3,1,2,6,930
1,3,1,2,7,911
1,3,1,2,8,840
1,3,1,2,9,848
1,3,1,2,10,962
1,3,1,2,11,1081
1,3,1,2,12,1178
1,3,1,1,0,486
1,3,1,1,1,464
1,3,1,1,2,498
1,3,1,1,3,499
1,3,1,1,4,478
1,3,1,1,5,517
1,3,1,1,6,515
1,3,1,1,7,479
1,3,1,1,8,442
1,3,1,1,9,447
1,3,1,1,10,498
1,3,1,1,11,552
1,3,1,1,12,618
1,3,1,0,0,541
1,3,1,0,1,584
1,3,1,0,2,603
1,3,1,0,3,548
1,3,1,0,4,638
1,3,1,0,5,520
1,3,1,0,6,560
1,3,1,0,7,504
1,3,1,0,8,535
1,3,1,0,9,519
1,3,1,0,10,567
1,3,1,0,11,620
1,3,1,0,12,634
1,3,2,3,0,426
1,3,2,3,1,483
1,3,2,3,2,424
1,3,2,3,3,365
1,3,2,3,4,367
1,3,2,3,5,414
1,3,2,3,6,404
1,3,2,3,7,408
1,3,2,3,8,417
1,3,2,3,9,382
1,3,2,3,10,414
1,3,2,3,11,493
1,3,2,3,12,561
1,3,2,2,0,63
1,3,2,2,1,58
1,3,2,2,2,66
1,3,2,2,3,65
1,3,2,2,4,67
1,3,2,2,5,65
1,3,2,2,6,79
1,3,2,2,7,77
1,3,2,2,8,66
1,3,2,2,9,73
1,3,2,2,10,77
1,3,2,2,11,97
1,3,2,2,12,125
1,3,2,1,0,39
1,3,2,1,1,41
1,3,2,1,2,42
1,3,2,1,3,48
1,3,2,1,4,65
1,3,2,1,5,48
1,3,2,1,6,58
1,3,2,1,7,44
1,3,2,1,8,41
1,3,2,1,9,53
1,3,2,1,10,49
1,3,2,1,11,72
1,3,2,1,12,94
1,3,2,0,0,83
1,3,2,0,1,76
1,3,2,0,2,65
1,3,2,0,3,62
1,3,2,0,4,72
1,3,2,0,5,71
1,3,2,0,6,73
1,3,2,0,7,54
1,3,2,0,8,58
1,3,2,0,9,65
1,3,2,0,10,72
1,3,2,0,11,91
1,3,2,0,12,121
1,3,0,3,0,3313
1,3,0,3,1,3277
1,3,0,3,2,3101
1,3,0,3,3,3094
1,3,0,3,4,2943
1,3,0,3,5,2813
1,3,0,3,6,2872
1,3,0,3,7,2734
1,3,0,3,8,2602
1,3,0,3,9,2389
1,3,0,3,10,2315
1,3,0,3,11,2569
1,3,0,3,12,3130
1,3,0,2,0,517
1,3,0,2,1,490
1,3,0,2,2,489
1,3,0,2,3,564
1,3,0,2,4,579
1,3,0,2,5,586
1,3,0,2,6,562
1,3,0,2,7,461
1,3,0,2,8,451
1,3,0,2,9,395
1,3,0,2,10,443
1,3,0,2,11,556
1,3,0,2,12,662
1,3,0,1,0,368
1,3,0,1,1,357
1,3,0,1,2,377
1,3,0,1,3,349
1,3,0,1,4,366
1,3,0,1,5,383
1,3,0,1,6,349
1,3,0,1,7,332
1,3,0,1,8,294
1,3,0,1,9,321
1,3,0,1,10,306
1,3,0,1,11,391
1,3,0,1,12,433
1,3,0,0,0,493
1,3,0,0,1,501
1,3,0,0,2,541
1,3,0,0,3,537
1,3,0,0,4,498
1,3,0,0,5,459
1,3,0,0,6,401
1,3,0,0,7,452
1,3,0,0,8,408
1,3,0,0,9,392
1,3,0,0,10,471
1,3,0,0,11,512
1,3,0,0,12,572
1,3,4,3,0,1571
1,3,4,3,1,1496
1,3,4,3,2,1542
1,3,4,3,3,1465
1,3,4,3,4,1443
1,3,4,3,5,1495
1,3,4,3,6,1532
1,3,4,3,7,1607
1,3,4,3,8,1537
1,3,4,3,9,1394
1,3,4,3,10,1350
1,3,4,3,11,1558
1,3,4,3,12,1818
1,3,4,2,0,97
1,3,4,2,1,102
1,3,4,2,2,85
1,3,4,2,3,116
1,3,4,2,4,122
1,3,4,2,5,110
1,3,4,2,6,142
1,3,4,2,7,139
1,3,4,2,8,129
1,3,4,2,9,115
1,3,4,2,10,118
1,3,4,2,11,151
1,3,4,2,12,187
1,3,4,1,0,78
1,3,4,1,1,93
1,3,4,1,2,89
1,3,4,1,3,86
1,3,4,1,4,107
1,3,4,1,5,102
1,3,4,1,6,104
1,3,4,1,7,95
1,3,4,1,8,114
1,3,4,1,9,114
1,3,4,1,10,91
1,3,4,1,11,109
1,3,4,1,12,140
1,3,4,0,0,121
1,3,4,0,1,139
1,3,4,0,2,128
1,3,4,0,3,142
1,3,4,0,4,138
1,3,4,0,5,152
1,3,4,0,6,151
1,3,4,0,7,136
1,3,4,0,8,109
1,3,4,0,9,156
1,3,4,0,10,168
1,3,4,0,11,188
1,3,4,0,12,210
1,3,3,3,0,393
1,3,3,3,1,467
1,3,3,3,2,510
1,3,3,3,3,613
1,3,3,3,4,681
1,3,3,3,5,551
1,3,3,3,6,635
1,3,3,3,7,616
1,3,3,3,8,676
1,3,3,3,9,694
1,3,3,3,10,819
1,3,3,3,11,939
1,3,3,3,12,1146
1,3,3,2,0,113
1,3,3,2,1,140
1,3,3,2,2,121
1,3,3,2,3,173
1,3,3,2,4,193
1,3,3,2,5,153
1,3,3,2,6,157
1,3,3,2,7,159
1,3,3,2,8,147
1,3,3,2,9,185
1,3,3,2,10,208
1,3,3,2,11,232
1,3,3,2,12,288
1,3,3,1,0,74
1,3,3,1,1,62
1,3,3,1,2,81
1,3,3,1,3,81
1,3,3,1,4,86
1,3,3,1,5,95
1,3,3,1,6,91
1,3,3,1,7,91
1,3,3,1,8,80
1,3,3,1,9,96
1,3,3,1,10,96
1,3,3,1,11,152
1,3,3,1,12,154
1,3,3,0,0,67
1,3,3,0,1,87
1,3,3,0,2,110
1,3,3,0,3,111
1,3,3,0,4,102
1,3,3,0,5,91
1,3,3,0,6,103
1,3,3,0,7,128
1,3,3,0,8,109
1,3,3,0,9,99
1,3,3,0,10,155
1,3,3,0,11,157
1,3,3,0,12,199
1,4,1,3,0,2185
1,4,1,3,1,2153
1,4,1,3,2,2082
1,4,1,3,3,2194
1,4,1,3,4,2038
1,4,1,3,5,1946
1,4,1,3,6,2024
1,4,1,3,7,1934
1,4,1,3,8,1756
1,4,1,3,9,1559
1,4,1,3,10,1623
1,4,1,3,11,1790
1,4,1,3,12,2008
1,4,1,2,0,617
1,4,1,2,1,652
1,4,1,2,2,661
1,4,1,2,3,846
1,4,1,2,4,827
1,4,1,2,5,793
1,4,1,2,6,773
1,4,1,2,7,747
1,4,1,2,8,692
1,4,1,2,9,719
1,4,1,2,10,689
1,4,1,2,11,743
1,4,1,2,12,855
1,4,1,1,0,368
1,4,1,1,1,403
1,4,1,1,2,440
1,4,1,1,3,452
1,4,1,1,4,476
1,4,1,1,5,452
1,4,1,1,6,439
1,4,1,1,7,390
1,4,1,1,8,370
1,4,1,1,9,387
1,4,1,1,10,403
1,4,1,1,11,438
1,4,1,1,12,478
1,4,1,0,0,479
1,4,1,0,1,490
1,4,1,0,2,537
1,4,1,0,3,510
1,4,1,0,4,540
1,4,1,0,5,517
1,4,1,0,6,520
1,4,1,0,7,483
1,4,1,0,8,473
1,4,1,0,9,448
1,4,1,0,10,468
1,4,1,0,11,502
1,4,1,0,12,532
1,4,2,3,0,445
1,4,2,3,1,439
1,4,2,3,2,487
1,4,2,3,3,468
1,4,2,3,4,466
1,4,2,3,5,447
1,4,2,3,6,476
1,4,2,3,7,449
1,4,2,3,8,426
1,4,2,3,9,374
1,4,2,3,10,355
1,4,2,3,11,379
1,4,2,3,12,422
1,4,2,2,0,70
1,4,2,2,1,44
1,4,2,2,2,53
1,4,2,2,3,50
1,4,2,2,4,61
1,4,2,2,5,89
1,4,2,2,6,72
1,4,2,2,7,66
1,4,2,2,8,51
1,4,2,2,9,62
1,4,2,2,10,50
1,4,2,2,11,69
1,4,2,2,12,88
1,4,2,1,0,54
1,4,2,1,1,45
1,4,2,1,2,43
1,4,2,1,3,67
1,4,2,1,4,59
1,4,2,1,5,65
1,4,2,1,6,55
1,4,2,1,7,40
1,4,2,1,8,46
1,4,2,1,9,34
1,4,2,1,10,35
1,4,2,1,11,40
1,4,2,1,12,70
1,4,2,0,0,70
1,4,2,0,1,85
1,4,2,0,2,89
1,4,2,0,3,74
1,4,2,0,4,69
1,4,2,0,5,71
1,4,2,0,6,80
1,4,2,0,7,62
1,4,2,0,8,59
1,4,2,0,9,60
1,4,2,0,10,75
1,4,2,0,11,70
1,4,2,0,12,72
1,4,0,3,0,3300
1,4,0,3,1,3389
1,4,0,3,2,3425
1,4,0,3,3,3571
1,4,0,3,4,3506
1,4,0,3,5,3251
1,4,0,3,6,3237
1,4,0,3,7,3113
1,4,0,3,8,2810
1,4,0,3,9,2532
1,4,0,3,10,2301
1,4,0,3,11,2446
1,4,0,3,12,2771
1,4,0,2,0,431
1,4,0,2,1,420
1,4,0,2,2,511
1,4,0,2,3,549
1,4,0,2,4,505
1,4,0,2,5,494
1,4,0,2,6,506
1,4,0,2,7,485
1,4,0,2,8,433
1,4,0,2,9,368
1,4,0,2,10,361
1,4,0,2,11,425
1,4,0,2,12,489
1,4,0,1,0,311
1,4,0,1,1,330
1,4,0,1,2,378
1,4,0,1,3,419
1,4,0,1,4,377
1,4,0,1,5,354
1,4,0,1,6,366
1,4,0,1,7,333
1,4,0,1,8,313
1,4,0,1,9,304
1,4,0,1,10,288
1,4,0,1,11,306
1,4,0,1,12,377
1,4,0,0,0,457
1,4,0,0,1,494
1,4,0,0,2,538
1,4,0,0,3,477
1,4,0,0,4,538
1,4,0,0,5,465
1,4,0,0,6,515
1,4,0,0,7,483
1,4,0,0,8,430
1,4,0,0,9,391
1,4,0,0,10,391
1,4,0,0,11,424
1,4,0,0,12,481
1,4,4,3,0,1809
1,4,4,3,1,1838
1,4,4,3,2,1938
1,4,4,3,3,1943
1,4,4,3,4,1906
1,4,4,3,5,1953
1,4,4,3,6,1904
1,4,4,3,7,1966
1,4,4,3,8,1758
1,4,4,3,9,1625
1,4,4,3,10,1336
1,4,4,3,11,1546
1,4,4,3,12,1713
1,4,4,2,0,120
1,4,4,2,1,113
1,4,4,2,2,116
1,4,4,2,3,112
1,4,4,2,4,117
1,4,4,2,5,144
1,4,4,2,6,129
1,4,4,2,7,135
1,4,4,2,8,112
1,4,4,2,9,106
1,4,4,2,10,103
1,4,4,2,11,128
1,4,4,2,12,167
1,4,4,1,0,97
1,4,4,1,1,92
1,4,4,1,2,108
1,4,4,1,3,135
1,4,4,1,4,114
1,4,4,1,5,126
1,4,4,1,6,116
1,4,4,1,7,100
1,4,4,1,8,101
1,4,4,1,9,81
1,4,4,1,10,93
1,4,4,1,11,117
1,4,4,1,12,128
1,4,4,0,0,169
1,4,4,0,1,163
1,4,4,0,2,177
1,4,4,0,3,176
1,4,4,0,4,204
1,4,4,0,5,164
1,4,4,0,6,199
1,4,4,0,7,171
1,4,4,0,8,164
1,4,4,0,9,147
1,4,4,0,10,171
1,4,4,0,11,164
1,4,4,0,12,191
1,4,3,3,0,365
1,4,3,3,1,393
1,4,3,3,2,443
1,4,3,3,3,456
1,4,3,3,4,521
1,4,3,3,5,458
1,4,3,3,6,524
1,4,3,3,7,550
1,4,3,3,8,554
1,4,3,3,9,548
1,4,3,3,10,624
1,4,3,3,11,802
1,4,3,3,12,911
1,4,3,2,0,111
1,4,3,2,1,140
1,4,3,2,2,147
1,4,3,2,3,139
1,4,3,2,4,148
1,4,3,2,5,132
1,4,3,2,6,104
1,4,3,2,7,104
1,4,3,2,8,101
1,4,3,2,9,103
1,4,3,2,10,134
1,4,3,2,11,183
1,4,3,2,12,176
1,4,3,1,0,51
1,4,3,1,1,49
1,4,3,1,2,81
1,4,3,1,3,97
1,4,3,1,4,77
1,4,3,1,5,87
1,4,3,1,6,61
1,4,3,1,7,55
1,4,3,1,8,51
1,4,3,1,9,55
1,4,3,1,10,99
1,4,3,1,11,91
1,4,3,1,12,109
1,4,3,0,0,76
1,4,3,0,1,90
1,4,3,0,2,88
1,4,3,0,3,83
1,4,3,0,4,86
1,4,3,0,5,63
1,4,3,0,6,71
1,4,3,0,7,66
1,4,3,0,8,81
1,4,3,0,9,82
1,4,3,0,10,93
1,4,3,0,11,114
1,4,3,0,12,139
1,5,1,3,0,4224
1,5,1,3,1,4281
1,5,1,3,2,4396
1,5,1,3,3,4619
1,5,1,3,4,4614
1,5,1,3,5,4208
1,5,1,3,6,4490
1,5,1,3,7,4318
1,5,1,3,8,4020
1,5,1,3,9,3481
1,5,1,3,10,3396
1,5,1,3,11,3552
1,5,1,3,12,4024
1,5,1,2,0,876
1,5,1,2,1,857
1,5,1,2,2,1034
1,5,1,2,3,1163
1,5,1,2,4,1201
1,5,1,2,5,1110
1,5,1,2,6,1073
1,5,1,2,7,1047
1,5,1,2,8,891
1,5,1,2,9,883
1,5,1,2,10,1050
1,5,1,2,11,1123
1,5,1,2,12,1201
1,5,1,1,0,556
1,5,1,1,1,560
1,5,1,1,2,680
1,5,1,1,3,711
1,5,1,1,4,661
1,5,1,1,5,733
1,5,1,1,6,709
1,5,1,1,7,623
1,5,1,1,8,574
1,5,1,1,9,580
1,5,1,1,10,619
1,5,1,1,11,651
1,5,1,1,12,713
1,5,1,0,0,742
1,5,1,0,1,814
1,5,1,0,2,912
1,5,1,0,3,876
1,5,1,0,4,982
1,5,1,0,5,880
1,5,1,0,6,919
1,5,1,0,7,817
1,5,1,0,8,745
1,5,1,0,9,691
1,5,1,0,10,755
1,5,1,0,11,818
1,5,1,0,12,850
1,5,2,3,0,886
1,5,2,3,1,880
1,5,2,3,2,858
1,5,2,3,3,938
1,5,2,3,4,959
1,5,2,3,5,988
1,5,2,3,6,1029
1,5,2,3,7,1076
1,5,2,3,8,988
1,5,2,3,9,828
1,5,2,3,10,790
1,5,2,3,11,836
1,5,2,3,12,919
1,5,2,2,0,78
1,5,2,2,1,79
1,5,2,2,2,99
1,5,2,2,3,123
1,5,2,2,4,129
1,5,2,2,5,144
1,5,2,2,6,117
1,5,2,2,7,131
1,5,2,2,8,118
1,5,2,2,9,98
1,5,2,2,10,100
1,5,2,2,11,128
1,5,2,2,12,128
1,5,2,1,0,76
1,5,2,1,1,74
1,5,2,1,2,91
1,5,2,1,3,95
1,5,2,1,4,71
1,5,2,1,5,112
1,5,2,1,6,109
1,5,2,1,7,85
1,5,2,1,8,93
1,5,2,1,9,88
1,5,2,1,10,73
1,5,2,1,11,111
1,5,2,1,12,114
1,5,2,0,0,97
1,5,2,0,1,114
1,5,2,0,2,127
1,5,2,0,3,131
1,5,2,0,4,180
1,5,2,0,5,154
1,5,2,0,6,173
1,5,2,0,7,148
1,5,2,0,8,135
1,5,2,0,9,131
1,5,2,0,10,122
1,5,2,0,11,131
1,5,2,0,12,151
1,5,0,3,0,6700
1,5,0,3,1,6988
1,5,0,3,2,7294
1,5,0,3,3,7710
1,5,0,3,4,7778
1,5,0,3,5,7298
1,5,0,3,6,7615
1,5,0,3,7,7427
1,5,0,3,8,7028
1,5,0,3,9,6142
1,5,0,3,10,5491
1,5,0,3,11,5627
1,5,0,3,12,6759
1,5,0,2,0,659
1,5,0,2,1,725
1,5,0,2,2,845
1,5,0,2,3,1024
1,5,0,2,4,924
1,5,0,2,5,960
1,5,0,2,6,925
1,5,0,2,7,961
1,5,0,2,8,841
1,5,0,2,9,723
1,5,0,2,10,763
1,5,0,2,11,897
1,5,0,2,12,997
1,5,0,1,0,544
1,5,0,1,1,587
1,5,0,1,2,676
1,5,0,1,3,647
1,5,0,1,4,711
1,5,0,1,5,707
1,5,0,1,6,738
1,5,0,1,7,669
1,5,0,1,8,629
1,5,0,1,9,558
1,5,0,1,10,523
1,5,0,1,11,681
1,5,0,1,12,702
1,5,0,0,0,802
1,5,0,0,1,861
1,5,0,0,2,991
1,5,0,0,3,1019
1,5,0,0,4,1126
1,5,0,0,5,939
1,5,0,0,6,1068
1,5,0,0,7,938
1,5,0,0,8,997
1,5,0,0,9,812
1,5,0,0,10,827
1,5,0,0,11,886
1,5,0,0,12,1015
1,5,4,3,0,3403
1,5,4,3,1,3622
1,5,4,3,2,3839
1,5,4,3,3,4236
1,5,4,3,4,4087
1,5,4,3,5,4378
1,5,4,3,6,4614
1,5,4,3,7,4853
1,5,4,3,8,4667
1,5,4,3,9,3992
1,5,4,3,10,3532
1,5,4,3,11,3682
1,5,4,3,12,4104
1,5,4,2,0,227
1,5,4,2,1,227
1,5,4,2,2,290
1,5,4,2,3,292
1,5,4,2,4,332
1,5,4,2,5,380
1,5,4,2,6,319
1,5,4,2,7,386
1,5,4,2,8,318
1,5,4,2,9,259
1,5,4,2,10,239
1,5,4,2,11,277
1,5,4,2,12,338
1,5,4,1,0,209
1,5,4,1,1,230
1,5,4,1,2,262
1,5,4,1,3,264
1,5,4,1,4,265
1,5,4,1,5,281
1,5,4,1,6,340
1,5,4,1,7,300
1,5,4,1,8,269
1,5,4,1,9,238
1,5,4,1,10,216
1,5,4,1,11,264
1,5,4,1,12,269
1,5,4,0,0,366
1,5,4,0,1,370
1,5,4,0,2,434
1,5,4,0,3,410
1,5,4,0,4,478
1,5,4,0,5,492
1,5,4,0,6,548
1,5,4,0,7,466
1,5,4,0,8,430
1,5,4,0,9,394
1,5,4,0,10,381
1,5,4,0,11,422
1,5,4,0,12,474
1,5,3,3,0,715
1,5,3,3,1,755
1,5,3,3,2,837
1,5,3,3,3,902
1,5,3,3,4,948
1,5,3,3,5,849
1,5,3,3,6,885
1,5,3,3,7,973
1,5,3,3,8,972
1,5,3,3,9,882
1,5,3,3,10,948
1,5,3,3,11,1092
1,5,3,3,12,1365
1,5,3,2,0,158
1,5,3,2,1,153
1,5,3,2,2,193
1,5,3,2,3,197
1,5,3,2,4,215
1,5,3,2,5,192
1,5,3,2,6,183
1,5,3,2,7,167
1,5,3,2,8,150
1,5,3,2,9,153
1,5,3,2,10,174
1,5,3,2,11,204
1,5,3,2,12,238
1,5,3,1,0,91
1,5,3,1,1,90
1,5,3,1,2,110
1,5,3,1,3,116
1,5,3,1,4,111
1,5,3,1,5,94
1,5,3,1,6,100
1,5,3,1,7,120
1,5,3,1,8,96
1,5,3,1,9,94
1,5,3,1,10,119
1,5,3,1,11,133
1,5,3,1,12,127
1,5,3,0,0,120
1,5,3,0,1,122
1,5,3,0,2,143
1,5,3,0,3,161
1,5,3,0,4,165
1,5,3,0,5,156
1,5,3,0,6,124
1,5,3,0,7,133
1,5,3,0,8,126
1,5,3,0,9,124
1,5,3,0,10,133
1,5,3,0,11,158
1,5,3,0,12,184
1,6,1,3,0,2580
1,6,1,3,1,2613
1,6,1,3,2,2869
1,6,1,3,3,3172
1,6,1,3,4,3319
1,6,1,3,5,3370
1,6,1,3,6,3412
1,6,1,3,7,3414
1,6,1,3,8,3451
1,6,1,3,9,3181
1,6,1,3,10,3004
1,6,1,3,11,3295
1,6,1,3,12,3702
1,6,1,2,0,264
1,6,1,2,1,280
1,6,1,2,2,360
1,6,1,2,3,450
1,6,1,2,4,461
1,6,1,2,5,439
1,6,1,2,6,455
1,6,1,2,7,497
1,6,1,2,8,474
1,6,1,2,9,428
1,6,1,2,10,512
1,6,1,2,11,565
1,6,1,2,12,631
1,6,1,1,0,202
1,6,1,1,1,243
1,6,1,1,2,278
1,6,1,1,3,298
1,6,1,1,4,320
1,6,1,1,5,321
1,6,1,1,6,343
1,6,1,1,7,309
1,6,1,1,8,344
1,6,1,1,9,330
1,6,1,1,10,325
1,6,1,1,11,385
1,6,1,1,12,461
1,6,1,0,0,301
1,6,1,0,1,326
1,6,1,0,2,380
1,6,1,0,3,405
1,6,1,0,4,435
1,6,1,0,5,440
1,6,1,0,6,479
1,6,1,0,7,503
1,6,1,0,8,467
1,6,1,0,9,398
1,6,1,0,10,505
1,6,1,0,11,506
1,6,1,0,12,560
1,6,2,3,0,412
1,6,2,3,1,415
1,6,2,3,2,490
1,6,2,3,3,527
1,6,2,3,4,580
1,6,2,3,5,630
1,6,2,3,6,682
1,6,2,3,7,761
1,6,2,3,8,752
1,6,2,3,9,708
1,6,2,3,10,682
1,6,2,3,11,759
1,6,2,3,12,821
1,6,2,2,0,23
1,6,2,2,1,26
1,6,2,2,2,39
1,6,2,2,3,50
1,6,2,2,4,52
1,6,2,2,5,77
1,6,2,2,6,71
1,6,2,2,7,71
1,6,2,2,8,80
1,6,2,2,9,66
1,6,2,2,10,71
1,6,2,2,11,88
1,6,2,2,12,106
1,6,2,1,0,24
1,6,2,1,1,21
1,6,2,1,2,41
1,6,2,1,3,36
1,6,2,1,4,45
1,6,2,1,5,47
1,6,2,1,6,68
1,6,2,1,7,71
1,6,2,1,8,63
1,6,2,1,9,50
1,6,2,1,10,51
1,6,2,1,11,54
1,6,2,1,12,92
1,6,2,0,0,50
1,6,2,0,1,39
1,6,2,0,2,68
1,6,2,0,3,58
1,6,2,0,4,77
1,6,2,0,5,76
1,6,2,0,6,105
1,6,2,0,7,101
1,6,2,0,8,103
1,6,2,0,9,97
1,6,2,0,10,105
1,6,2,0,11,105
1,6,2,0,12,119
1,6,0,3,0,3947
1,6,0,3,1,4182
1,6,0,3,2,4678
1,6,0,3,3,5017
1,6,0,3,4,5090
1,6,0,3,5,5155
1,6,0,3,6,5548
1,6,0,3,7,5777
1,6,0,3,8,6115
1,6,0,3,9,5685
1,6,0,3,10,5257
1,6,0,3,11,5748
1,6,0,3,12,6814
1,6,0,2,0,246
1,6,0,2,1,305
1,6,0,2,2,343
1,6,0,2,3,424
1,6,0,2,4,428
1,6,0,2,5,458
1,6,0,2,6,512
1,6,0,2,7,536
1,6,0,2,8,543
1,6,0,2,9,497
1,6,0,2,10,537
1,6,0,2,11,586
1,6,0,2,12,695
1,6,0,1,0,212
1,6,0,1,1,263
1,6,0,1,2,309
1,6,0,1,3,300
1,6,0,1,4,336
1,6,0,1,5,363
1,6,0,1,6,397
1,6,0,1,7,454
1,6,0,1,8,454
1,6,0,1,9,410
1,6,0,1,10,443
1,6,0,1,11,511
1,6,0,1,12,565
1,6,0,0,0,343
1,6,0,0,1,414
1,6,0,0,2,455
1,6,0,0,3,507
1,6,0,0,4,525
1,6,0,0,5,517
1,6,0,0,6,632
1,6,0,0,7,641
1,6,0,0,8,692
1,6,0,0,9,609
1,6,0,0,10,687
1,6,0,0,11,759
1,6,0,0,12,820
1,6,4,3,0,2191
1,6,4,3,1,2277
1,6,4,3,2,2511
1,6,4,3,3,2791
1,6,4,3,4,2750
1,6,4,3,5,3016
1,6,4,3,6,3181
1,6,4,3,7,3362
1,6,4,3,8,3551
1,6,4,3,9,3351
1,6,4,3,10,3021
1,6,4,3,11,3308
1,6,4,3,12,3730
1,6,4,2,0,121
1,6,4,2,1,122
1,6,4,2,2,182
1,6,4,2,3,215
1,6,4,2,4,165
1,6,4,2,5,222
1,6,4,2,6,256
1,6,4,2,7,258
1,6,4,2,8,232
1,6,4,2,9,215
1,6,4,2,10,232
1,6,4,2,11,237
1,6,4,2,12,306
1,6,4,1,0,113
1,6,4,1,1,117
1,6,4,1,2,139
1,6,4,1,3,151
1,6,4,1,4,157
1,6,4,1,5,179
1,6,4,1,6,219
1,6,4,1,7,223
1,6,4,1,8,200
1,6,4,1,9,184
1,6,4,1,10,177
1,6,4,1,11,209
1,6,4,1,12,215
1,6,4,0,0,189
1,6,4,0,1,197
1,6,4,0,2,269
1,6,4,0,3,231
1,6,4,0,4,289
1,6,4,0,5,282
1,6,4,0,6,351
1,6,4,0,7,335
1,6,4,0,8,350
1,6,4,0,9,294
1,6,4,0,10,305
1,6,4,0,11,341
1,6,4,0,12,377
1,6,3,3,0,368
1,6,3,3,1,458
1,6,3,3,2,492
1,6,3,3,3,497
1,6,3,3,4,608
1,6,3,3,5,612
1,6,3,3,6,690
1,6,3,3,7,705
1,6,3,3,8,737
1,6,3,3,9,677
1,6,3,3,10,673
1,6,3,3,11,746
1,6,3,3,12,922
1,6,3,2,0,44
1,6,3,2,1,37
1,6,3,2,2,76
1,6,3,2,3,93
1,6,3,2,4,97
1,6,3,2,5,104
1,6,3,2,6,114
1,6,3,2,7,91
1,6,3,2,8,92
1,6,3,2,9,91
1,6,3,2,10,103
1,6,3,2,11,106
1,6,3,2,12,149
1,6,3,1,0,34
1,6,3,1,1,46
1,6,3,1,2,48
1,6,3,1,3,62
1,6,3,1,4,81
1,6,3,1,5,83
1,6,3,1,6,72
1,6,3,1,7,67
1,6,3,1,8,61
1,6,3,1,9,77
1,6,3,1,10,60
1,6,3,1,11,61
1,6,3,1,12,85
1,6,3,0,0,44
1,6,3,0,1,56
1,6,3,0,2,81
1,6,3,0,3,69
1,6,3,0,4,92
1,6,3,0,5,79
1,6,3,0,6,106
1,6,3,0,7,111
1,6,3,0,8,96
1,6,3,0,9,106
1,6,3,0,10,90
1,6,3,0,11,99
1,6,3,0,12,98
1,7,1,3,0,2159
1,7,1,3,1,2333
1,7,1,3,2,2517
1,7,1,3,3,2715
1,7,1,3,4,2532
1,7,1,3,5,2602
1,7,1,3,6,2600
1,7,1,3,7,2569
1,7,1,3,8,2656
1,7,1,3,9,2376
1,7,1,3,10,2348
1,7,1,3,11,2740
1,7,1,3,12,3023
1,7,1,2,0,135
1,7,1,2,1,113
1,7,1,2,2,146
1,7,1,2,3,167
1,7,1,2,4,167
1,7,1,2,5,184
1,7,1,2,6,185
1,7,1,2,7,172
1,7,1,2,8,146
1,7,1,2,9,165
1,7,1,2,10,159
1,7,1,2,11,188
1,7,1,2,12,248
1,7,1,1,0,111
1,7,1,1,1,114
1,7,1,1,2,122
1,7,1,1,3,146
1,7,1,1,4,132
1,7,1,1,5,122
1,7,1,1,6,150
1,7,1,1,7,124
1,7,1,1,8,144
1,7,1,1,9,128
1,7,1,1,10,129
1,7,1,1,11,181
1,7,1,1,12,180
1,7,1,0,0,143
1,7,1,0,1,155
1,7,1,0,2,207
1,7,1,0,3,209
1,7,1,0,4,220
1,7,1,0,5,196
1,7,1,0,6,193
1,7,1,0,7,182
1,7,1,0,8,182
1,7,1,0,9,198
1,7,1,0,10,185
1,7,1,0,11,208
1,7,1,0,12,243
1,7,2,3,0,151
1,7,2,3,1,193
1,7,2,3,2,193
1,7,2,3,3,238
1,7,2,3,4,261
1,7,2,3,5,280
1,7,2,3,6,309
1,7,2,3,7,316
1,7,2,3,8,402
1,7,2,3,9,371
1,7,2,3,10,357
1,7,2,3,11,421
1,7,2,3,12,496
1,7,2,2,0,8
1,7,2,2,1,15
1,7,2,2,2,18
1,7,2,2,3,21
1,7,2,2,4,22
1,7,2,2,5,17
1,7,2,2,6,21
1,7,2,2,7,16
1,7,2,2,8,24
1,7,2,2,9,24
1,7,2,2,10,23
1,7,2,2,11,28
1,7,2,2,12,42
1,7,2,1,0,9
1,7,2,1,1,6
1,7,2,1,2,9
1,7,2,1,3,15
1,7,2,1,4,12
1,7,2,1,5,19
1,7,2,1,6,15
1,7,2,1,7,20
1,7,2,1,8,21
1,7,2,1,9,30
1,7,2,1,10,21
1,7,2,1,11,28
1,7,2,1,12,31
1,7,2,0,0,13
1,7,2,0,1,16
1,7,2,0,2,19
1,7,2,0,3,17
1,7,2,0,4,16
1,7,2,0,5,25
1,7,2,0,6,26
1,7,2,0,7,29
1,7,2,0,8,28
1,7,2,0,9,33
1,7,2,0,10,31
1,7,2,0,11,46
1,7,2,0,12,48
1,7,0,3,0,2737
1,7,0,3,1,2914
1,7,0,3,2,3295
1,7,0,3,3,3718
1,7,0,3,4,3516
1,7,0,3,5,3997
1,7,0,3,6,3905
1,7,0,3,7,4008
1,7,0,3,8,4060
1,7,0,3,9,3790
1,7,0,3,10,3842
1,7,0,3,11,4384
1,7,0,3,12,4951
1,7,0,2,0,119
1,7,0,2,1,130
1,7,0,2,2,154
1,7,0,2,3,210
1,7,0,2,4,176
1,7,0,2,5,190
1,7,0,2,6,208
1,7,0,2,7,192
1,7,0,2,8,208
1,7,0,2,9,203
1,7,0,2,10,220
1,7,0,2,11,257
1,7,0,2,12,304
1,7,0,1,0,89
1,7,0,1,1,112
1,7,0,1,2,148
1,7,0,1,3,156
1,7,0,1,4,168
1,7,0,1,5,162
1,7,0,1,6,176
1,7,0,1,7,175
1,7,0,1,8,171
1,7,0,1,9,153
1,7,0,1,10,179
1,7,0,1,11,214
1,7,0,1,12,256
1,7,0,0,0,153
1,7,0,0,1,157
1,7,0,0,2,204
1,7,0,0,3,242
1,7,0,0,4,248
1,7,0,0,5,230
1,7,0,0,6,265
1,7,0,0,7,235
1,7,0,0,8,285
1,7,0,0,9,245
1,7,0,0,10,287
1,7,0,0,11,319
1,7,0,0,12,325
1,7,4,3,0,1506
1,7,4,3,1,1744
1,7,4,3,2,1931
1,7,4,3,3,2216
1,7,4,3,4,2188
1,7,4,3,5,2621
1,7,4,3,6,2343
1,7,4,3,7,2613
1,7,4,3,8,2597
1,7,4,3,9,2553
1,7,4,3,10,2465
1,7,4,3,11,2754
1,7,4,3,12,3039
1,7,4,2,0,50
1,7,4,2,1,72
1,7,4,2,2,85
1,7,4,2,3,90
1,7,4,2,4,95
1,7,4,2,5,121
1,7,4,2,6,104
1,7,4,2,7,110
1,7,4,2,8,119
1,7,4,2,9,101
1,7,4,2,10,93
1,7,4,2,11,146
1,7,4,2,12,152
1,7,4,1,0,48
1,7,4,1,1,63
1,7,4,1,2,69
1,7,4,1,3,86
1,7,4,1,4,83
1,7,4,1,5,102
1,7,4,1,6,104
1,7,4,1,7,96
1,7,4,1,8,96
1,7,4,1,9,103
1,7,4,1,10,90
1,7,4,1,11,115
1,7,4,1,12,122
1,7,4,0,0,94
1,7,4,0,1,115
1,7,4,0,2,145
1,7,4,0,3,134
1,7,4,0,4,141
1,7,4,0,5,146
1,7,4,0,6,160
1,7,4,0,7,152
1,7,4,0,8,151
1,7,4,0,9,145
1,7,4,0,10,140
1,7,4,0,11,149
1,7,4,0,12,225
1,7,3,3,0,259
1,7,3,3,1,263
1,7,3,3,2,319
1,7,3,3,3,291
1,7,3,3,4,300
1,7,3,3,5,287
1,7,3,3,6,324
1,7,3,3,7,319
1,7,3,3,8,297
1,7,3,3,9,319
1,7,3,3,10,366
1,7,3,3,11,407
1,7,3,3,12,499
1,7,3,2,0,15
1,7,3,2,1,11
1,7,3,2,2,14
1,7,3,2,3,15
1,7,3,2,4,11
1,7,3,2,5,23
1,7,3,2,6,13
1,7,3,2,7,15
1,7,3,2,8,17
1,7,3,2,9,16
1,7,3,2,10,36
1,7,3,2,11,26
1,7,3,2,12,31
1,7,3,1,0,11
1,7,3,1,1,12
1,7,3,1,2,6
1,7,3,1,3,10
1,7,3,1,4,14
1,7,3,1,5,15
1,7,3,1,6,23
1,7,3,1,7,15
1,7,3,1,8,14
1,7,3,1,9,21
1,7,3,1,10,21
1,7,3,1,11,23
1,7,3,1,12,36
1,7,3,0,0,11
1,7,3,0,1,24
1,7,3,0,2,17
1,7,3,0,3,19
1,7,3,0,4,14
1,7,3,0,5,22
1,7,3,0,6,18
1,7,3,0,7,9
1,7,3,0,8,25
1,7,3,0,9,26
1,7,3,0,10,28
1,7,3,0,11,53
1,7,3,0,12,46
0,0,1,3,0,1155
0,0,1,3,1,1260
0,0,1,3,2,1211
0,0,1,3,3,1109
0,0,1,3,4,1064
0,0,1,3,5,950
0,0,1,3,6,996
0,0,1,3,7,856
0,0,1,3,8,790
0,0,1,3,9,677
0,0,1,3,10,702
0,0,1,3,11,858
0,0,1,3,12,956
0,0,1,2,0,129
0,0,1,2,1,145
0,0,1,2,2,157
0,0,1,2,3,157
0,0,1,2,4,201
0,0,1,2,5,163
0,0,1,2,6,196
0,0,1,2,7,168
0,0,1,2,8,144
0,0,1,2,9,118
0,0,1,2,10,133
0,0,1,2,11,167
0,0,1,2,12,160
0,0,1,1,0,84
0,0,1,1,1,98
0,0,1,1,2,72
0,0,1,1,3,95
0,0,1,1,4,102
0,0,1,1,5,97
0,0,1,1,6,102
0,0,1,1,7,81
0,0,1,1,8,84
0,0,1,1,9,56
0,0,1,1,10,91
0,0,1,1,11,88
0,0,1,1,12,94
0,0,1,0,0,103
0,0,1,0,1,125
0,0,1,0,2,129
0,0,1,0,3,119
0,0,1,0,4,129
0,0,1,0,5,108
0,0,1,0,6,117
0,0,1,0,7,101
0,0,1,0,8,113
0,0,1,0,9,85
0,0,1,0,10,113
0,0,1,0,11,143
0,0,1,0,12,125
0,0,2,3,0,491
0,0,2,3,1,503
0,0,2,3,2,507
0,0,2,3,3,558
0,0,2,3,4,533
0,0,2,3,5,597
0,0,2,3,6,627
0,0,2,3,7,599
0,0,2,3,8,614
0,0,2,3,9,558
0,0,2,3,10,592
0,0,2,3,11,709
0,0,2,3,12,857
0,0,2,2,0,15
0,0,2,2,1,10
0,0,2,2,2,12
0,0,2,2,3,24
0,0,2,2,4,28
0,0,2,2,5,24
0,0,2,2,6,40
0,0,2,2,7,29
0,0,2,2,8,25
0,0,2,2,9,28
0,0,2,2,10,38
0,0,2,2,11,39
0,0,2,2,12,55
0,0,2,1,0,14
0,0,2,1,1,14
0,0,2,1,2,7
0,0,2,1,3,13
0,0,2,1,4,26
0,0,2,1,5,22
0,0,2,1,6,18
0,0,2,1,7,14
0,0,2,1,8,19
0,0,2,1,9,16
0,0,2,1,10,25
0,0,2,1,11,33
0,0,2,1,12,45
0,0,2,0,0,20
0,0,2,0,1,16
0,0,2,0,2,19
0,0,2,0,3,21
0,0,2,0,4,31
0,0,2,0,5,25
0,0,2,0,6,31
0,0,2,0,7,31
0,0,2,0,8,20
0,0,2,0,9,28
0,0,2,0,10,37
0,0,2,0,11,53
0,0,2,0,12,57
0,0,0,3,0,274
0,0,0,3,1,352
0,0,0,3,2,397
0,0,0,3,3,382
0,0,0,3,4,353
0,0,0,3,5,338
0,0,0,3,6,331
0,0,0,3,7,252
0,0,0,3,8,132
0,0,0,3,9,114
0,0,0,3,10,91
0,0,0,3,11,85
0,0,0,3,12,105
0,0,0,2,0,19
0,0,0,2,1,22
0,0,0,2,2,32
0,0,0,2,3,36
0,0,0,2,4,32
0,0,0,2,5,54
0,0,0,2,6,31
0,0,0,2,7,36
0,0,0,2,8,14
0,0,0,2,9,16
0,0,0,2,10,12
0,0,0,2,11,11
0,0,0,2,12,16
0,0,0,1,0,15
0,0,0,1,1,21
0,0,0,1,2,30
0,0,0,1,3,24
0,0,0,1,4,28
0,0,0,1,5,41
0,0,0,1,6,31
0,0,0,1,7,13
0,0,0,1,8,7
0,0,0,1,9,8
0,0,0,1,10,3
0,0,0,1,11,8
0,0,0,1,12,10
0,0,0,0,0,28
0,0,0,0,1,26
0,0,0,0,2,38
0,0,0,0,3,28
0,0,0,0,4,38
0,0,0,0,5,34
0,0,0,0,6,27
0,0,0,0,7,30
0,0,0,0,8,15
0,0,0,0,9,9
0,0,0,0,10,14
0,0,0,0,11,8
0,0,0,0,12,9
0,0,4,3,0,4
0,0,4,3,1,10
0,0,4,3,2,11
0,0,4,3,3,13
0,0,4,3,4,12
0,0,4,3,5,18
0,0,4,3,6,20
0,0,4,3,7,10
0,0,4,3,8,7
0,0,4,3,9,7
0,0,4,3,10,9
0,0,4,3,11,8
0,0,4,3,12,6
0,0,4,2,0,0
0,0,4,2,1,0
0,0,4,2,2,1
0,0,4,2,3,0
0,0,4,2,4,0
0,0,4,2,5,0
0,0,4,2,6,1
0,0,4,2,7,0
0,0,4,2,8,2
0,0,4,2,9,0
0,0,4,2,10,0
0,0,4,2,11,0
0,0,4,2,12,0
0,0,4,1,0,0
0,0,4,1,1,0
0,0,4,1,2,1
0,0,4,1,3,0
0,0,4,1,4,0
0,0,4,1,5,1
0,0,4,1,6,0
0,0,4,1,7,0
0,0,4,1,8,0
0,0,4,1,9,0
0,0,4,1,10,0
0,0,4,1,11,2
0,0,4,1,12,1
0,0,4,0,0,0
0,0,4,0,1,0
0,0,4,0,2,0
0,0,4,0,3,0
0,0,4,0,4,0
0,0,4,0,5,1
0,0,4,0,6,1
0,0,4,0,7,1
0,0,4,0,8,1
0,0,4,0,9,1
0,0,4,0,10,1
0,0,4,0,11,1
0,0,4,0,12,0
0,0,3,3,0,35
0,0,3,3,1,32
0,0,3,3,2,21
0,0,3,3,3,16
0,0,3,3,4,23
0,0,3,3,5,12
0,0,3,3,6,20
0,0,3,3,7,12
0,0,3,3,8,14
0,0,3,3,9,22
0,0,3,3,10,19
0,0,3,3,11,13
0,0,3,3,12,7
0,0,3,2,0,10
0,0,3,2,1,1
0,0,3,2,2,4
0,0,3,2,3,2
0,0,3,2,4,2
0,0,3,2,5,2
0,0,3,2,6,0
0,0,3,2,7,2
0,0,3,2,8,4
0,0,3,2,9,0
0,0,3,2,10,2
0,0,3,2,11,5
0,0,3,2,12,1
0,0,3,1,0,4
0,0,3,1,1,2
0,0,3,1,2,2
0,0,3,1,3,0
0,0,3,1,4,2
0,0,3,1,5,1
0,0,3,1,6,2
0,0,3,1,7,0
0,0,3,1,8,0
0,0,3,1,9,2
0,0,3,1,10,1
0,0,3,1,11,0
0,0,3,1,12,0
0,0,3,0,0,1
0,0,3,0,1,5
0,0,3,0,2,2
0,0,3,0,3,4
0,0,3,0,4,0
0,0,3,0,5,1
0,0,3,0,6,0
0,0,3,0,7,0
0,0,3,0,8,0
0,0,3,0,9,0
0,0,3,0,10,1
0,0,3,0,11,1
0,0,3,0,12,2
0,1,1,3,0,805
0,1,1,3,1,799
0,1,1,3,2,809
0,1,1,3,3,896
0,1,1,3,4,789
0,1,1,3,5,760
0,1,1,3,6,803
0,1,1,3,7,759
0,1,1,3,8,750
0,1,1,3,9,712
0,1,1,3,10,801
0,1,1,3,11,855
0,1,1,3,12,1030
0,1,1,2,0,110
0,1,1,2,1,130
0,1,1,2,2,172
0,1,1,2,3,159
0,1,1,2,4,188
0,1,1,2,5,184
0,1,1,2,6,202
0,1,1,2,7,195
0,1,1,2,8,198
0,1,1,2,9,198
0,1,1,2,10,240
0,1,1,2,11,256
0,1,1,2,12,315
0,1,1,1,0,62
0,1,1,1,1,86
0,1,1,1,2,104
0,1,1,1,3,88
0,1,1,1,4,93
0,1,1,1,5,116
0,1,1,1,6,106
0,1,1,1,7,115
0,1,1,1,8,104
0,1,1,1,9,78
0,1,1,1,10,124
0,1,1,1,11,142
0,1,1,1,12,156
0,1,1,0,0,103
0,1,1,0,1,107
0,1,1,0,2,103
0,1,1,0,3,122
0,1,1,0,4,148
0,1,1,0,5,116
0,1,1,0,6,106
0,1,1,0,7,120
0,1,1,0,8,132
0,1,1,0,9,144
0,1,1,0,10,160
0,1,1,0,11,183
0,1,1,0,12,178
0,1,2,3,0,393
0,1,2,3,1,475
0,1,2,3,2,416
0,1,2,3,3,476
0,1,2,3,4,435
0,1,2,3,5,519
0,1,2,3,6,510
0,1,2,3,7,603
0,1,2,3,8,592
0,1,2,3,9,637
0,1,2,3,10,678
0,1,2,3,11,900
0,1,2,3,12,1086
0,1,2,2,0,11
0,1,2,2,1,15
0,1,2,2,2,41
0,1,2,2,3,26
0,1,2,2,4,22
0,1,2,2,5,34
0,1,2,2,6,28
0,1,2,2,7,26
0,1,2,2,8,29
0,1,2,2,9,38
0,1,2,2,10,31
0,1,2,2,11,58
0,1,2,2,12,105
0,1,2,1,0,13
0,1,2,1,1,16
0,1,2,1,2,12
0,1,2,1,3,11
0,1,2,1,4,19
0,1,2,1,5,23
0,1,2,1,6,22
0,1,2,1,7,29
0,1,2,1,8,22
0,1,2,1,9,17
0,1,2,1,10,29
0,1,2,1,11,39
0,1,2,1,12,63
0,1,2,0,0,26
0,1,2,0,1,26
0,1,2,0,2,22
0,1,2,0,3,18
0,1,2,0,4,32
0,1,2,0,5,19
0,1,2,0,6,40
0,1,2,0,7,23
0,1,2,0,8,40
0,1,2,0,9,30
0,1,2,0,10,51
0,1,2,0,11,75
0,1,2,0,12,72
0,1,0,3,0,682
0,1,0,3,1,693
0,1,0,3,2,757
0,1,0,3,3,778
0,1,0,3,4,884
0,1,0,3,5,923
0,1,0,3,6,934
0,1,0,3,7,924
0,1,0,3,8,830
0,1,0,3,9,723
0,1,0,3,10,568
0,1,0,3,11,546
0,1,0,3,12,585
0,1,0,2,0,32
0,1,0,2,1,36
0,1,0,2,2,62
0,1,0,2,3,67
0,1,0,2,4,68
0,1,0,2,5,99
0,1,0,2,6,109
0,1,0,2,7,89
0,1,0,2,8,63
0,1,0,2,9,60
0,1,0,2,10,53
0,1,0,2,11,70
0,1,0,2,12,83
0,1,0,1,0,34
0,1,0,1,1,24
0,1,0,1,2,34
0,1,0,1,3,49
0,1,0,1,4,57
0,1,0,1,5,59
0,1,0,1,6,70
0,1,0,1,7,50
0,1,0,1,8,48
0,1,0,1,9,33
0,1,0,1,10,49
0,1,0,1,11,36
0,1,0,1,12,47
0,1,0,0,0,37
0,1,0,0,1,44
0,1,0,0,2,65
0,1,0,0,3,67
0,1,0,0,4,89
0,1,0,0,5,107
0,1,0,0,6,88
0,1,0,0,7,73
0,1,0,0,8,85
0,1,0,0,9,67
0,1,0,0,10,66
0,1,0,0,11,68
0,1,0,0,12,65
0,1,4,3,0,389
0,1,4,3,1,418
0,1,4,3,2,439
0,1,4,3,3,453
0,1,4,3,4,477
0,1,4,3,5,610
0,1,4,3,6,566
0,1,4,3,7,656
0,1,4,3,8,627
0,1,4,3,9,550
0,1,4,3,10,539
0,1,4,3,11,479
0,1,4,3,12,628
0,1,4,2,0,12
0,1,4,2,1,11
0,1,4,2,2,6
0,1,4,2,3,20
0,1,4,2,4,14
0,1,4,2,5,22
0,1,4,2,6,26
0,1,4,2,7,22
0,1,4,2,8,20
0,1,4,2,9,21
0,1,4,2,10,17
0,1,4,2,11,29
0,1,4,2,12,53
0,1,4,1,0,8
0,1,4,1,1,10
0,1,4,1,2,6
0,1,4,1,3,12
0,1,4,1,4,13
0,1,4,1,5,22
0,1,4,1,6,15
0,1,4,1,7,18
0,1,4,1,8,21
0,1,4,1,9,21
0,1,4,1,10,25
0,1,4,1,11,27
0,1,4,1,12,40
0,1,4,0,0,18
0,1,4,0,1,17
0,1,4,0,2,24
0,1,4,0,3,21
0,1,4,0,4,28
0,1,4,0,5,31
0,1,4,0,6,29
0,1,4,0,7,24
0,1,4,0,8,35
0,1,4,0,9,27
0,1,4,0,10,47
0,1,4,0,11,49
0,1,4,0,12,60
0,1,3,3,0,74
0,1,3,3,1,127
0,1,3,3,2,94
0,1,3,3,3,115
0,1,3,3,4,112
0,1,3,3,5,71
0,1,3,3,6,101
0,1,3,3,7,84
0,1,3,3,8,83
0,1,3,3,9,69
0,1,3,3,10,72
0,1,3,3,11,86
0,1,3,3,12,97
0,1,3,2,0,10
0,1,3,2,1,12
0,1,3,2,2,11
0,1,3,2,3,8
0,1,3,2,4,16
0,1,3,2,5,12
0,1,3,2,6,9
0,1,3,2,7,8
0,1,3,2,8,3
0,1,3,2,9,12
0,1,3,2,10,7
0,1,3,2,11,4
0,1,3,2,12,8
0,1,3,1,0,5
0,1,3,1,1,6
0,1,3,1,2,7
0,1,3,1,3,12
0,1,3,1,4,6
0,1,3,1,5,7
0,1,3,1,6,9
0,1,3,1,7,1
0,1,3,1,8,4
0,1,3,1,9,1
0,1,3,1,10,3
0,1,3,1,11,7
0,1,3,1,12,4
0,1,3,0,0,7
0,1,3,0,1,10
0,1,3,0,2,8
0,1,3,0,3,11
0,1,3,0,4,11
0,1,3,0,5,11
0,1,3,0,6,8
0,1,3,0,7,8
0,1,3,0,8,1
0,1,3,0,9,3
0,1,3,0,10,6
0,1,3,0,11,7
0,1,3,0,12,9
0,2,1,3,0,519
0,2,1,3,1,586
0,2,1,3,2,577
0,2,1,3,3,578
0,2,1,3,4,590
0,2,1,3,5,612
0,2,1,3,6,656
0,2,1,3,7,575
0,2,1,3,8,585
0,2,1,3,9,527
0,2,1,3,10,622
0,2,1,3,11,654
0,2,1,3,12,780
0,2,1,2,0,85
0,2,1,2,1,79
0,2,1,2,2,105
0,2,1,2,3,120
0,2,1,2,4,133
0,2,1,2,5,144
0,2,1,2,6,146
0,2,1,2,7,139
0,2,1,2,8,142
0,2,1,2,9,123
0,2,1,2,10,156
0,2,1,2,11,178
0,2,1,2,12,231
0,2,1,1,0,47
0,2,1,1,1,53
0,2,1,1,2,75
0,2,1,1,3,81
0,2,1,1,4,82
0,2,1,1,5,75
0,2,1,1,6,83
0,2,1,1,7,83
0,2,1,1,8,78
0,2,1,1,9,86
0,2,1,1,10,88
0,2,1,1,11,97
0,2,1,1,12,126
0,2,1,0,0,69
0,2,1,0,1,77
0,2,1,0,2,72
0,2,1,0,3,92
0,2,1,0,4,86
0,2,1,0,5,83
0,2,1,0,6,98
0,2,1,0,7,98
0,2,1,0,8,99
0,2,1,0,9,94
0,2,1,0,10,128
0,2,1,0,11,130
0,2,1,0,12,149
0,2,2,3,0,153
0,2,2,3,1,152
0,2,2,3,2,173
0,2,2,3,3,126
0,2,2,3,4,121
0,2,2,3,5,146
0,2,2,3,6,133
0,2,2,3,7,138
0,2,2,3,8,148
0,2,2,3,9,153
0,2,2,3,10,151
0,2,2,3,11,217
0,2,2,3,12,333
0,2,2,2,0,7
0,2,2,2,1,6
0,2,2,2,2,11
0,2,2,2,3,19
0,2,2,2,4,14
0,2,2,2,5,16
0,2,2,2,6,18
0,2,2,2,7,23
0,2,2,2,8,7
0,2,2,2,9,9
0,2,2,2,10,23
0,2,2,2,11,22
0,2,2,2,12,38
0,2,2,1,0,7
0,2,2,1,1,10
0,2,2,1,2,10
0,2,2,1,3,14
0,2,2,1,4,8
0,2,2,1,5,15
0,2,2,1,6,15
0,2,2,1,7,9
0,2,2,1,8,10
0,2,2,1,9,5
0,2,2,1,10,12
0,2,2,1,11,18
0,2,2,1,12,24
0,2,2,0,0,12
0,2,2,0,1,10
0,2,2,0,2,12
0,2,2,0,3,13
0,2,2,0,4,13
0,2,2,0,5,15
0,2,2,0,6,12
0,2,2,0,7,14
0,2,2,0,8,14
0,2,2,0,9,12
0,2,2,0,10,14
0,2,2,0,11,21
0,2,2,0,12,32
0,2,0,3,0,805
0,2,0,3,1,829
0,2,0,3,2,721
0,2,0,3,3,768
0,2,0,3,4,766
0,2,0,3,5,802
0,2,0,3,6,776
0,2,0,3,7,860
0,2,0,3,8,881
0,2,0,3,9,755
0,2,0,3,10,769
0,2,0,3,11,781
0,2,0,3,12,982
0,2,0,2,0,39
0,2,0,2,1,25
0,2,0,2,2,57
0,2,0,2,3,56
0,2,0,2,4,58
0,2,0,2,5,65
0,2,0,2,6,59
0,2,0,2,7,69
0,2,0,2,8,61
0,2,0,2,9,62
0,2,0,2,10,66
0,2,0,2,11,77
0,2,0,2,12,121
0,2,0,1,0,33
0,2,0,1,1,31
0,2,0,1,2,32
0,2,0,1,3,38
0,2,0,1,4,38
0,2,0,1,5,40
0,2,0,1,6,42
0,2,0,1,7,60
0,2,0,1,8,52
0,2,0,1,9,50
0,2,0,1,10,46
0,2,0,1,11,73
0,2,0,1,12,80
0,2,0,0,0,49
0,2,0,0,1,53
0,2,0,0,2,59
0,2,0,0,3,60
0,2,0,0,4,72
0,2,0,0,5,58
0,2,0,0,6,65
0,2,0,0,7,66
0,2,0,0,8,79
0,2,0,0,9,74
0,2,0,0,10,91
0,2,0,0,11,107
0,2,0,0,12,116
0,2,4,3,0,663
0,2,4,3,1,736
0,2,4,3,2,665
0,2,4,3,3,688
0,2,4,3,4,671
0,2,4,3,5,743
0,2,4,3,6,790
0,2,4,3,7,904
0,2,4,3,8,898
0,2,4,3,9,932
0,2,4,3,10,873
0,2,4,3,11,911
0,2,4,3,12,1244
0,2,4,2,0,22
0,2,4,2,1,22
0,2,4,2,2,12
0,2,4,2,3,25
0,2,4,2,4,31
0,2,4,2,5,27
0,2,4,2,6,24
0,2,4,2,7,29
0,2,4,2,8,29
0,2,4,2,9,34
0,2,4,2,10,35
0,2,4,2,11,58
0,2,4,2,12,66
0,2,4,1,0,18
0,2,4,1,1,22
0,2,4,1,2,15
0,2,4,1,3,18
0,2,4,1,4,12
0,2,4,1,5,23
0,2,4,1,6,18
0,2,4,1,7,29
0,2,4,1,8,21
0,2,4,1,9,25
0,2,4,1,10,22
0,2,4,1,11,52
0,2,4,1,12,63
0,2,4,0,0,29
0,2,4,0,1,31
0,2,4,0,2,28
0,2,4,0,3,40
0,2,4,0,4,27
0,2,4,0,5,33
0,2,4,0,6,45
0,2,4,0,7,47
0,2,4,0,8,29
0,2,4,0,9,56
0,2,4,0,10,55
0,2,4,0,11,58
0,2,4,0,12,76
0,2,3,3,0,101
0,2,3,3,1,109
0,2,3,3,2,130
0,2,3,3,3,137
0,2,3,3,4,147
0,2,3,3,5,141
0,2,3,3,6,139
0,2,3,3,7,144
0,2,3,3,8,139
0,2,3,3,9,163
0,2,3,3,10,223
0,2,3,3,11,276
0,2,3,3,12,329
0,2,3,2,0,8
0,2,3,2,1,12
0,2,3,2,2,14
0,2,3,2,3,11
0,2,3,2,4,18
0,2,3,2,5,11
0,2,3,2,6,16
0,2,3,2,7,19
0,2,3,2,8,9
0,2,3,2,9,18
0,2,3,2,10,13
0,2,3,2,11,21
0,2,3,2,12,28
0,2,3,1,0,3
0,2,3,1,1,5
0,2,3,1,2,3
0,2,3,1,3,10
0,2,3,1,4,10
0,2,3,1,5,14
0,2,3,1,6,10
0,2,3,1,7,11
0,2,3,1,8,6
0,2,3,1,9,6
0,2,3,1,10,7
0,2,3,1,11,18
0,2,3,1,12,19
0,2,3,0,0,4
0,2,3,0,1,10
0,2,3,0,2,14
0,2,3,0,3,10
0,2,3,0,4,13
0,2,3,0,5,8
0,2,3,0,6,8
0,2,3,0,7,7
0,2,3,0,8,18
0,2,3,0,9,12
0,2,3,0,10,17
0,2,3,0,11,22
0,2,3,0,12,29
0,3,1,3,0,583
0,3,1,3,1,569
0,3,1,3,2,585
0,3,1,3,3,568
0,3,1,3,4,500
0,3,1,3,5,513
0,3,1,3,6,573
0,3,1,3,7,540
0,3,1,3,8,498
0,3,1,3,9,466
0,3,1,3,10,532
0,3,1,3,11,510
0,3,1,3,12,664
0,3,1,2,0,87
0,3,1,2,1,102
0,3,1,2,2,109
0,3,1,2,3,103
0,3,1,2,4,116
0,3,1,2,5,120
0,3,1,2,6,91
0,3,1,2,7,103
0,3,1,2,8,101
0,3,1,2,9,110
0,3,1,2,10,97
0,3,1,2,11,121
0,3,1,2,12,156
0,3,1,1,0,49
0,3,1,1,1,71
0,3,1,1,2,66
0,3,1,1,3,46
0,3,1,1,4,52
0,3,1,1,5,51
0,3,1,1,6,53
0,3,1,1,7,68
0,3,1,1,8,44
0,3,1,1,9,77
0,3,1,1,10,86
0,3,1,1,11,80
0,3,1,1,12,85
0,3,1,0,0,71
0,3,1,0,1,76
0,3,1,0,2,76
0,3,1,0,3,85
0,3,1,0,4,78
0,3,1,0,5,80
0,3,1,0,6,79
0,3,1,0,7,82
0,3,1,0,8,90
0,3,1,0,9,79
0,3,1,0,10,99
0,3,1,0,11,110
0,3,1,0,12,101
0,3,2,3,0,185
0,3,2,3,1,165
0,3,2,3,2,166
0,3,2,3,3,147
0,3,2,3,4,139
0,3,2,3,5,151
0,3,2,3,6,132
0,3,2,3,7,145
0,3,2,3,8,139
0,3,2,3,9,119
0,3,2,3,10,120
0,3,2,3,11,147
0,3,2,3,12,199
0,3,2,2,0,16
0,3,2,2,1,11
0,3,2,2,2,13
0,3,2,2,3,12
0,3,2,2,4,17
0,3,2,2,5,13
0,3,2,2,6,11
0,3,2,2,7,8
0,3,2,2,8,15
0,3,2,2,9,8
0,3,2,2,10,13
0,3,2,2,11,13
0,3,2,2,12,18
0,3,2,1,0,7
0,3,2,1,1,17
0,3,2,1,2,6
0,3,2,1,3,11
0,3,2,1,4,6
0,3,2,1,5,6
0,3,2,1,6,11
0,3,2,1,7,4
0,3,2,1,8,7
0,3,2,1,9,10
0,3,2,1,10,12
0,3,2,1,11,5
0,3,2,1,12,14
0,3,2,0,0,8
0,3,2,0,1,15
0,3,2,0,2,16
0,3,2,0,3,8
0,3,2,0,4,14
0,3,2,0,5,11
0,3,2,0,6,12
0,3,2,0,7,14
0,3,2,0,8,12
0,3,2,0,9,12
0,3,2,0,10,14
0,3,2,0,11,21
0,3,2,0,12,16
0,3,0,3,0,1065
0,3,0,3,1,1048
0,3,0,3,2,1030
0,3,0,3,3,983
0,3,0,3,4,933
0,3,0,3,5,849
0,3,0,3,6,931
0,3,0,3,7,852
0,3,0,3,8,784
0,3,0,3,9,734
0,3,0,3,10,683
0,3,0,3,11,762
0,3,0,3,12,942
0,3,0,2,0,44
0,3,0,2,1,50
0,3,0,2,2,63
0,3,0,2,3,69
0,3,0,2,4,57
0,3,0,2,5,69
0,3,0,2,6,52
0,3,0,2,7,56
0,3,0,2,8,56
0,3,0,2,9,51
0,3,0,2,10,51
0,3,0,2,11,57
0,3,0,2,12,93
0,3,0,1,0,36
0,3,0,1,1,40
0,3,0,1,2,45
0,3,0,1,3,42
0,3,0,1,4,45
0,3,0,1,5,40
0,3,0,1,6,44
0,3,0,1,7,51
0,3,0,1,8,44
0,3,0,1,9,40
0,3,0,1,10,49
0,3,0,1,11,45
0,3,0,1,12,79
0,3,0,0,0,75
0,3,0,0,1,51
0,3,0,0,2,78
0,3,0,0,3,57
0,3,0,0,4,62
0,3,0,0,5,79
0,3,0,0,6,69
0,3,0,0,7,57
0,3,0,0,8,62
0,3,0,0,9,52
0,3,0,0,10,67
0,3,0,0,11,80
0,3,0,0,12,106
0,3,4,3,0,951
0,3,4,3,1,967
0,3,4,3,2,1044
0,3,4,3,3,1067
0,3,4,3,4,973
0,3,4,3,5,1096
0,3,4,3,6,950
0,3,4,3,7,960
0,3,4,3,8,1003
0,3,4,3,9,928
0,3,4,3,10,842
0,3,4,3,11,964
0,3,4,3,12,1342
0,3,4,2,0,31
0,3,4,2,1,34
0,3,4,2,2,37
0,3,4,2,3,38
0,3,4,2,4,32
0,3,4,2,5,38
0,3,4,2,6,27
0,3,4,2,7,49
0,3,4,2,8,31
0,3,4,2,9,28
0,3,4,2,10,30
0,3,4,2,11,53
0,3,4,2,12,47
0,3,4,1,0,27
0,3,4,1,1,26
0,3,4,1,2,28
0,3,4,1,3,32
0,3,4,1,4,31
0,3,4,1,5,32
0,3,4,1,6,38
0,3,4,1,7,27
0,3,4,1,8,26
0,3,4,1,9,33
0,3,4,1,10,21
0,3,4,1,11,36
0,3,4,1,12,57
0,3,4,0,0,62
0,3,4,0,1,50
0,3,4,0,2,45
0,3,4,0,3,40
0,3,4,0,4,48
0,3,4,0,5,54
0,3,4,0,6,51
0,3,4,0,7,53
0,3,4,0,8,49
0,3,4,0,9,57
0,3,4,0,10,47
0,3,4,0,11,66
0,3,4,0,12,88
0,3,3,3,0,83
0,3,3,3,1,87
0,3,3,3,2,108
0,3,3,3,3,121
0,3,3,3,4,143
0,3,3,3,5,105
0,3,3,3,6,136
0,3,3,3,7,134
0,3,3,3,8,143
0,3,3,3,9,161
0,3,3,3,10,206
0,3,3,3,11,219
0,3,3,3,12,282
0,3,3,2,0,3
0,3,3,2,1,6
0,3,3,2,2,6
0,3,3,2,3,11
0,3,3,2,4,15
0,3,3,2,5,17
0,3,3,2,6,17
0,3,3,2,7,20
0,3,3,2,8,13
0,3,3,2,9,12
0,3,3,2,10,18
0,3,3,2,11,30
0,3,3,2,12,25
0,3,3,1,0,3
0,3,3,1,1,5
0,3,3,1,2,7
0,3,3,1,3,9
0,3,3,1,4,17
0,3,3,1,5,8
0,3,3,1,6,5
0,3,3,1,7,13
0,3,3,1,8,11
0,3,3,1,9,9
0,3,3,1,10,15
0,3,3,1,11,23
0,3,3,1,12,18
0,3,3,0,0,5
0,3,3,0,1,10
0,3,3,0,2,16
0,3,3,0,3,12
0,3,3,0,4,12
0,3,3,0,5,11
0,3,3,0,6,8
0,3,3,0,7,7
0,3,3,0,8,14
0,3,3,0,9,11
0,3,3,0,10,18
0,3,3,0,11,10
0,3,3,0,12,25
0,4,1,3,0,637
0,4,1,3,1,651
0,4,1,3,2,618
0,4,1,3,3,648
0,4,1,3,4,617
0,4,1,3,5,557
0,4,1,3,6,564
0,4,1,3,7,565
0,4,1,3,8,486
0,4,1,3,9,481
0,4,1,3,10,478
0,4,1,3,11,445
0,4,1,3,12,551
0,4,1,2,0,87
0,4,1,2,1,106
0,4,1,2,2,112
0,4,1,2,3,111
0,4,1,2,4,117
0,4,1,2,5,103
0,4,1,2,6,104
0,4,1,2,7,94
0,4,1,2,8,74
0,4,1,2,9,79
0,4,1,2,10,102
0,4,1,2,11,105
0,4,1,2,12,133
0,4,1,1,0,60
0,4,1,1,1,37
0,4,1,1,2,74
0,4,1,1,3,71
0,4,1,1,4,70
0,4,1,1,5,64
0,4,1,1,6,65
0,4,1,1,7,54
0,4,1,1,8,57
0,4,1,1,9,54
0,4,1,1,10,42
0,4,1,1,11,80
0,4,1,1,12,71
0,4,1,0,0,60
0,4,1,0,1,99
0,4,1,0,2,96
0,4,1,0,3,79
0,4,1,0,4,85
0,4,1,0,5,74
0,4,1,0,6,87
0,4,1,0,7,78
0,4,1,0,8,72
0,4,1,0,9,64
0,4,1,0,10,68
0,4,1,0,11,78
0,4,1,0,12,112
0,4,2,3,0,189
0,4,2,3,1,199
0,4,2,3,2,204
0,4,2,3,3,226
0,4,2,3,4,179
0,4,2,3,5,193
0,4,2,3,6,176
0,4,2,3,7,168
0,4,2,3,8,160
0,4,2,3,9,129
0,4,2,3,10,148
0,4,2,3,11,158
0,4,2,3,12,175
0,4,2,2,0,14
0,4,2,2,1,14
0,4,2,2,2,17
0,4,2,2,3,10
0,4,2,2,4,17
0,4,2,2,5,14
0,4,2,2,6,15
0,4,2,2,7,13
0,4,2,2,8,11
0,4,2,2,9,18
0,4,2,2,10,10
0,4,2,2,11,16
0,4,2,2,12,15
0,4,2,1,0,12
0,4,2,1,1,9
0,4,2,1,2,12
0,4,2,1,3,9
0,4,2,1,4,10
0,4,2,1,5,12
0,4,2,1,6,15
0,4,2,1,7,7
0,4,2,1,8,10
0,4,2,1,9,8
0,4,2,1,10,10
0,4,2,1,11,6
0,4,2,1,12,9
0,4,2,0,0,12
0,4,2,0,1,14
0,4,2,0,2,19
0,4,2,0,3,15
0,4,2,0,4,15
0,4,2,0,5,17
0,4,2,0,6,15
0,4,2,0,7,10
0,4,2,0,8,18
0,4,2,0,9,16
0,4,2,0,10,19
0,4,2,0,11,12
0,4,2,0,12,12
0,4,0,3,0,1108
0,4,0,3,1,1220
0,4,0,3,2,1310
0,4,0,3,3,1269
0,4,0,3,4,1186
0,4,0,3,5,1184
0,4,0,3,6,1131
0,4,0,3,7,1040
0,4,0,3,8,1023
0,4,0,3,9,813
0,4,0,3,10,724
0,4,0,3,11,755
0,4,0,3,12,921
0,4,0,2,0,56
0,4,0,2,1,51
0,4,0,2,2,61
0,4,0,2,3,53
0,4,0,2,4,71
0,4,0,2,5,68
0,4,0,2,6,72
0,4,0,2,7,51
0,4,0,2,8,57
0,4,0,2,9,58
0,4,0,2,10,58
0,4,0,2,11,60
0,4,0,2,12,72
0,4,0,1,0,53
0,4,0,1,1,46
0,4,0,1,2,66
0,4,0,1,3,55
0,4,0,1,4,55
0,4,0,1,5,47
0,4,0,1,6,47
0,4,0,1,7,45
0,4,0,1,8,31
0,4,0,1,9,45
0,4,0,1,10,42
0,4,0,1,11,55
0,4,0,1,12,56
0,4,0,0,0,72
0,4,0,0,1,74
0,4,0,0,2,88
0,4,0,0,3,78
0,4,0,0,4,91
0,4,0,0,5,77
0,4,0,0,6,89
0,4,0,0,7,96
0,4,0,0,8,71
0,4,0,0,9,68
0,4,0,0,10,66
0,4,0,0,11,61
0,4,0,0,12,85
0,4,4,3,0,1171
0,4,4,3,1,1220
0,4,4,3,2,1446
0,4,4,3,3,1338
0,4,4,3,4,1352
0,4,4,3,5,1480
0,4,4,3,6,1383
0,4,4,3,7,1418
0,4,4,3,8,1296
0,4,4,3,9,1172
0,4,4,3,10,970
0,4,4,3,11,1016
0,4,4,3,12,1171
0,4,4,2,0,37
0,4,4,2,1,40
0,4,4,2,2,46
0,4,4,2,3,54
0,4,4,2,4,47
0,4,4,2,5,47
0,4,4,2,6,41
0,4,4,2,7,64
0,4,4,2,8,45
0,4,4,2,9,42
0,4,4,2,10,35
0,4,4,2,11,29
0,4,4,2,12,49
0,4,4,1,0,31
0,4,4,1,1,43
0,4,4,1,2,34
0,4,4,1,3,28
0,4,4,1,4,29
0,4,4,1,5,45
0,4,4,1,6,49
0,4,4,1,7,31
0,4,4,1,8,38
0,4,4,1,9,28
0,4,4,1,10,45
0,4,4,1,11,43
0,4,4,1,12,45
0,4,4,0,0,70
0,4,4,0,1,61
0,4,4,0,2,78
0,4,4,0,3,68
0,4,4,0,4,84
0,4,4,0,5,86
0,4,4,0,6,90
0,4,4,0,7,66
0,4,4,0,8,60
0,4,4,0,9,61
0,4,4,0,10,60
0,4,4,0,11,76
0,4,4,0,12,82
0,4,3,3,0,76
0,4,3,3,1,91
0,4,3,3,2,100
0,4,3,3,3,111
0,4,3,3,4,139
0,4,3,3,5,97
0,4,3,3,6,87
0,4,3,3,7,100
0,4,3,3,8,118
0,4,3,3,9,113
0,4,3,3,10,130
0,4,3,3,11,181
0,4,3,3,12,228
0,4,3,2,0,10
0,4,3,2,1,8
0,4,3,2,2,3
0,4,3,2,3,16
0,4,3,2,4,11
0,4,3,2,5,8
0,4,3,2,6,8
0,4,3,2,7,11
0,4,3,2,8,16
0,4,3,2,9,15
0,4,3,2,10,14
0,4,3,2,11,15
0,4,3,2,12,29
0,4,3,1,0,3
0,4,3,1,1,5
0,4,3,1,2,6
0,4,3,1,3,6
0,4,3,1,4,7
0,4,3,1,5,5
0,4,3,1,6,9
0,4,3,1,7,8
0,4,3,1,8,3
0,4,3,1,9,10
0,4,3,1,10,12
0,4,3,1,11,13
0,4,3,1,12,17
0,4,3,0,0,6
0,4,3,0,1,8
0,4,3,0,2,10
0,4,3,0,3,11
0,4,3,0,4,2
0,4,3,0,5,6
0,4,3,0,6,10
0,4,3,0,7,10
0,4,3,0,8,8
0,4,3,0,9,11
0,4,3,0,10,13
0,4,3,0,11,17
0,4,3,0,12,24
0,5,1,3,0,1326
0,5,1,3,1,1353
0,5,1,3,2,1292
0,5,1,3,3,1358
0,5,1,3,4,1304
0,5,1,3,5,1270
0,5,1,3,6,1387
0,5,1,3,7,1271
0,5,1,3,8,1184
0,5,1,3,9,1001
0,5,1,3,10,977
0,5,1,3,11,1044
0,5,1,3,12,1173
0,5,1,2,0,143
0,5,1,2,1,150
0,5,1,2,2,145
0,5,1,2,3,193
0,5,1,2,4,188
0,5,1,2,5,193
0,5,1,2,6,189
0,5,1,2,7,185
0,5,1,2,8,144
0,5,1,2,9,150
0,5,1,2,10,171
0,5,1,2,11,193
0,5,1,2,12,181
0,5,1,1,0,116
0,5,1,1,1,105
0,5,1,1,2,110
0,5,1,1,3,109
0,5,1,1,4,110
0,5,1,1,5,119
0,5,1,1,6,129
0,5,1,1,7,99
0,5,1,1,8,110
0,5,1,1,9,104
0,5,1,1,10,97
0,5,1,1,11,121
0,5,1,1,12,119
0,5,1,0,0,127
0,5,1,0,1,140
0,5,1,0,2,158
0,5,1,0,3,141
0,5,1,0,4,146
0,5,1,0,5,161
0,5,1,0,6,139
0,5,1,0,7,156
0,5,1,0,8,130
0,5,1,0,9,121
0,5,1,0,10,123
0,5,1,0,11,130
0,5,1,0,12,164
0,5,2,3,0,380
0,5,2,3,1,423
0,5,2,3,2,449
0,5,2,3,3,494
0,5,2,3,4,497
0,5,2,3,5,442
0,5,2,3,6,498
0,5,2,3,7,494
0,5,2,3,8,416
0,5,2,3,9,369
0,5,2,3,10,341
0,5,2,3,11,337
0,5,2,3,12,403
0,5,2,2,0,11
0,5,2,2,1,17
0,5,2,2,2,16
0,5,2,2,3,30
0,5,2,2,4,25
0,5,2,2,5,34
0,5,2,2,6,29
0,5,2,2,7,48
0,5,2,2,8,32
0,5,2,2,9,27
0,5,2,2,10,21
0,5,2,2,11,40
0,5,2,2,12,41
0,5,2,1,0,18
0,5,2,1,1,8
0,5,2,1,2,19
0,5,2,1,3,22
0,5,2,1,4,26
0,5,2,1,5,32
0,5,2,1,6,21
0,5,2,1,7,27
0,5,2,1,8,22
0,5,2,1,9,14
0,5,2,1,10,22
0,5,2,1,11,22
0,5,2,1,12,32
0,5,2,0,0,29
0,5,2,0,1,45
0,5,2,0,2,27
0,5,2,0,3,32
0,5,2,0,4,37
0,5,2,0,5,35
0,5,2,0,6,33
0,5,2,0,7,32
0,5,2,0,8,34
0,5,2,0,9,31
0,5,2,0,10,18
0,5,2,0,11,28
0,5,2,0,12,35
0,5,0,3,0,2279
0,5,0,3,1,2403
0,5,0,3,2,2754
0,5,0,3,3,2806
0,5,0,3,4,2655
0,5,0,3,5,2886
0,5,0,3,6,2783
0,5,0,3,7,2721
0,5,0,3,8,2606
0,5,0,3,9,2203
0,5,0,3,10,1911
0,5,0,3,11,2040
0,5,0,3,12,2379
0,5,0,2,0,103
0,5,0,2,1,105
0,5,0,2,2,136
0,5,0,2,3,135
0,5,0,2,4,118
0,5,0,2,5,143
0,5,0,2,6,156
0,5,0,2,7,131
0,5,0,2,8,111
0,5,0,2,9,106
0,5,0,2,10,110
0,5,0,2,11,123
0,5,0,2,12,129
0,5,0,1,0,77
0,5,0,1,1,96
0,5,0,1,2,95
0,5,0,1,3,130
0,5,0,1,4,117
0,5,0,1,5,114
0,5,0,1,6,124
0,5,0,1,7,124
0,5,0,1,8,113
0,5,0,1,9,98
0,5,0,1,10,95
0,5,0,1,11,102
0,5,0,1,12,144
0,5,0,0,0,138
0,5,0,0,1,142
0,5,0,0,2,154
0,5,0,0,3,160
0,5,0,0,4,195
0,5,0,0,5,176
0,5,0,0,6,198
0,5,0,0,7,185
0,5,0,0,8,165
0,5,0,0,9,153
0,5,0,0,10,134
0,5,0,0,11,173
0,5,0,0,12,170
0,5,4,3,0,2120
0,5,4,3,1,2304
0,5,4,3,2,2495
0,5,4,3,3,2730
0,5,4,3,4,2771
0,5,4,3,5,3042
0,5,4,3,6,3199
0,5,4,3,7,3339
0,5,4,3,8,3143
0,5,4,3,9,2799
0,5,4,3,10,2356
0,5,4,3,11,2662
0,5,4,3,12,3019
0,5,4,2,0,68
0,5,4,2,1,56
0,5,4,2,2,114
0,5,4,2,3,108
0,5,4,2,4,112
0,5,4,2,5,132
0,5,4,2,6,114
0,5,4,2,7,126
0,5,4,2,8,97
0,5,4,2,9,94
0,5,4,2,10,88
0,5,4,2,11,98
0,5,4,2,12,113
0,5,4,1,0,78
0,5,4,1,1,79
0,5,4,1,2,86
0,5,4,1,3,75
0,5,4,1,4,91
0,5,4,1,5,121
0,5,4,1,6,131
0,5,4,1,7,92
0,5,4,1,8,107
0,5,4,1,9,79
0,5,4,1,10,78
0,5,4,1,11,89
0,5,4,1,12,107
0,5,4,0,0,106
0,5,4,0,1,147
0,5,4,0,2,161
0,5,4,0,3,162
0,5,4,0,4,190
0,5,4,0,5,203
0,5,4,0,6,202
0,5,4,0,7,181
0,5,4,0,8,168
0,5,4,0,9,169
0,5,4,0,10,142
0,5,4,0,11,174
0,5,4,0,12,204
0,5,3,3,0,127
0,5,3,3,1,135
0,5,3,3,2,158
0,5,3,3,3,171
0,5,3,3,4,176
0,5,3,3,5,159
0,5,3,3,6,179
0,5,3,3,7,218
0,5,3,3,8,197
0,5,3,3,9,213
0,5,3,3,10,205
0,5,3,3,11,267
0,5,3,3,12,324
0,5,3,2,0,15
0,5,3,2,1,15
0,5,3,2,2,17
0,5,3,2,3,20
0,5,3,2,4,17
0,5,3,2,5,22
0,5,3,2,6,25
0,5,3,2,7,14
0,5,3,2,8,13
0,5,3,2,9,14
0,5,3,2,10,14
0,5,3,2,11,26
0,5,3,2,12,22
0,5,3,1,0,7
0,5,3,1,1,11
0,5,3,1,2,11
0,5,3,1,3,14
0,5,3,1,4,11
0,5,3,1,5,13
0,5,3,1,6,10
0,5,3,1,7,13
0,5,3,1,8,8
0,5,3,1,9,9
0,5,3,1,10,15
0,5,3,1,11,17
0,5,3,1,12,19
0,5,3,0,0,9
0,5,3,0,1,12
0,5,3,0,2,13
0,5,3,0,3,15
0,5,3,0,4,18
0,5,3,0,5,19
0,5,3,0,6,19
0,5,3,0,7,18
0,5,3,0,8,13
0,5,3,0,9,12
0,5,3,0,10,16
0,5,3,0,11,21
0,5,3,0,12,31
0,6,1,3,0,914
0,6,1,3,1,933
0,6,1,3,2,1039
0,6,1,3,3,1052
0,6,1,3,4,1144
0,6,1,3,5,1122
0,6,1,3,6,1196
0,6,1,3,7,1150
0,6,1,3,8,1108
0,6,1,3,9,990
0,6,1,3,10,897
0,6,1,3,11,959
0,6,1,3,12,1047
0,6,1,2,0,42
0,6,1,2,1,48
0,6,1,2,2,62
0,6,1,2,3,87
0,6,1,2,4,89
0,6,1,2,5,107
0,6,1,2,6,93
0,6,1,2,7,98
0,6,1,2,8,76
0,6,1,2,9,79
0,6,1,2,10,94
0,6,1,2,11,91
0,6,1,2,12,107
0,6,1,1,0,39
0,6,1,1,1,33
0,6,1,1,2,49
0,6,1,1,3,59
0,6,1,1,4,60
0,6,1,1,5,62
0,6,1,1,6,76
0,6,1,1,7,58
0,6,1,1,8,68
0,6,1,1,9,57
0,6,1,1,10,64
0,6,1,1,11,69
0,6,1,1,12,72
0,6,1,0,0,42
0,6,1,0,1,45
0,6,1,0,2,66
0,6,1,0,3,94
0,6,1,0,4,97
0,6,1,0,5,72
0,6,1,0,6,88
0,6,1,0,7,96
0,6,1,0,8,80
0,6,1,0,9,91
0,6,1,0,10,87
0,6,1,0,11,119
0,6,1,0,12,104
0,6,2,3,0,93
0,6,2,3,1,122
0,6,2,3,2,138
0,6,2,3,3,183
0,6,2,3,4,197
0,6,2,3,5,209
0,6,2,3,6,235
0,6,2,3,7,253
0,6,2,3,8,327
0,6,2,3,9,300
0,6,2,3,10,289
0,6,2,3,11,321
0,6,2,3,12,339
0,6,2,2,0,4
0,6,2,2,1,8
0,6,2,2,2,9
0,6,2,2,3,12
0,6,2,2,4,8
0,6,2,2,5,9
0,6,2,2,6,13
0,6,2,2,7,19
0,6,2,2,8,15
0,6,2,2,9,15
0,6,2,2,10,14
0,6,2,2,11,21
0,6,2,2,12,19
0,6,2,1,0,6
0,6,2,1,1,5
0,6,2,1,2,8
0,6,2,1,3,7
0,6,2,1,4,6
0,6,2,1,5,5
0,6,2,1,6,8
0,6,2,1,7,12
0,6,2,1,8,7
0,6,2,1,9,11
0,6,2,1,10,8
0,6,2,1,11,17
0,6,2,1,12,17
0,6,2,0,0,6
0,6,2,0,1,7
0,6,2,0,2,10
0,6,2,0,3,8
0,6,2,0,4,11
0,6,2,0,5,12
0,6,2,0,6,13
0,6,2,0,7,17
0,6,2,0,8,18
0,6,2,0,9,15
0,6,2,0,10,20
0,6,2,0,11,22
0,6,2,0,12,32
0,6,0,3,0,1090
0,6,0,3,1,1033
0,6,0,3,2,1217
0,6,0,3,3,1349
0,6,0,3,4,1418
0,6,0,3,5,1717
0,6,0,3,6,1774
0,6,0,3,7,1795
0,6,0,3,8,1906
0,6,0,3,9,1895
0,6,0,3,10,1744
0,6,0,3,11,1873
0,6,0,3,12,2170
0,6,0,2,0,26
0,6,0,2,1,37
0,6,0,2,2,47
0,6,0,2,3,52
0,6,0,2,4,44
0,6,0,2,5,61
0,6,0,2,6,94
0,6,0,2,7,68
0,6,0,2,8,80
0,6,0,2,9,83
0,6,0,2,10,91
0,6,0,2,11,81
0,6,0,2,12,105
0,6,0,1,0,28
0,6,0,1,1,43
0,6,0,1,2,40
0,6,0,1,3,50
0,6,0,1,4,61
0,6,0,1,5,53
0,6,0,1,6,71
0,6,0,1,7,58
0,6,0,1,8,71
0,6,0,1,9,74
0,6,0,1,10,76
0,6,0,1,11,58
0,6,0,1,12,93
0,6,0,0,0,50
0,6,0,0,1,43
0,6,0,0,2,63
0,6,0,0,3,79
0,6,0,0,4,81
0,6,0,0,5,109
0,6,0,0,6,112
0,6,0,0,7,114
0,6,0,0,8,101
0,6,0,0,9,108
0,6,0,0,10,111
0,6,0,0,11,111
0,6,0,0,12,125
0,6,4,3,0,1176
0,6,4,3,1,1370
0,6,4,3,2,1541
0,6,4,3,3,1704
0,6,4,3,4,1601
0,6,4,3,5,1926
0,6,4,3,6,2015
0,6,4,3,7,2120
0,6,4,3,8,2129
0,6,4,3,9,2087
0,6,4,3,10,1794
0,6,4,3,11,1975
0,6,4,3,12,2197
0,6,4,2,0,31
0,6,4,2,1,42
0,6,4,2,2,54
0,6,4,2,3,58
0,6,4,2,4,60
0,6,4,2,5,68
0,6,4,2,6,78
0,6,4,2,7,71
0,6,4,2,8,78
0,6,4,2,9,61
0,6,4,2,10,70
0,6,4,2,11,69
0,6,4,2,12,86
0,6,4,1,0,35
0,6,4,1,1,42
0,6,4,1,2,44
0,6,4,1,3,51
0,6,4,1,4,51
0,6,4,1,5,57
0,6,4,1,6,76
0,6,4,1,7,71
0,6,4,1,8,66
0,6,4,1,9,68
0,6,4,1,10,52
0,6,4,1,11,74
0,6,4,1,12,98
0,6,4,0,0,51
0,6,4,0,1,65
0,6,4,0,2,74
0,6,4,0,3,78
0,6,4,0,4,85
0,6,4,0,5,85
0,6,4,0,6,108
0,6,4,0,7,98
0,6,4,0,8,100
0,6,4,0,9,105
0,6,4,0,10,111
0,6,4,0,11,99
0,6,4,0,12,151
0,6,3,3,0,72
0,6,3,3,1,103
0,6,3,3,2,94
0,6,3,3,3,114
0,6,3,3,4,110
0,6,3,3,5,121
0,6,3,3,6,129
0,6,3,3,7,130
0,6,3,3,8,180
0,6,3,3,9,121
0,6,3,3,10,125
0,6,3,3,11,158
0,6,3,3,12,193
0,6,3,2,0,2
0,6,3,2,1,6
0,6,3,2,2,5
0,6,3,2,3,10
0,6,3,2,4,9
0,6,3,2,5,15
0,6,3,2,6,16
0,6,3,2,7,15
0,6,3,2,8,9
0,6,3,2,9,6
0,6,3,2,10,12
0,6,3,2,11,10
0,6,3,2,12,23
0,6,3,1,0,7
0,6,3,1,1,4
0,6,3,1,2,14
0,6,3,1,3,11
0,6,3,1,4,7
0,6,3,1,5,6
0,6,3,1,6,10
0,6,3,1,7,9
0,6,3,1,8,7
0,6,3,1,9,7
0,6,3,1,10,7
0,6,3,1,11,9
0,6,3,1,12,11
0,6,3,0,0,6
0,6,3,0,1,7
0,6,3,0,2,9
0,6,3,0,3,7
0,6,3,0,4,12
0,6,3,0,5,12
0,6,3,0,6,7
0,6,3,0,7,16
0,6,3,0,8,12
0,6,3,0,9,13
0,6,3,0,10,8
0,6,3,0,11,9
0,6,3,0,12,12
0,7,1,3,0,879
0,7,1,3,1,889
0,7,1,3,2,1015
0,7,1,3,3,1031
0,7,1,3,4,972
0,7,1,3,5,1016
0,7,1,3,6,1088
0,7,1,3,7,1018
0,7,1,3,8,1075
0,7,1,3,9,1069
0,7,1,3,10,1027
0,7,1,3,11,1119
0,7,1,3,12,1149
0,7,1,2,0,34
0,7,1,2,1,33
0,7,1,2,2,43
0,7,1,2,3,50
0,7,1,2,4,42
0,7,1,2,5,47
0,7,1,2,6,38
0,7,1,2,7,39
0,7,1,2,8,34
0,7,1,2,9,30
0,7,1,2,10,43
0,7,1,2,11,39
0,7,1,2,12,57
0,7,1,1,0,24
0,7,1,1,1,32
0,7,1,1,2,29
0,7,1,1,3,25
0,7,1,1,4,29
0,7,1,1,5,29
0,7,1,1,6,37
0,7,1,1,7,30
0,7,1,1,8,36
0,7,1,1,9,29
0,7,1,1,10,34
0,7,1,1,11,30
0,7,1,1,12,50
0,7,1,0,0,37
0,7,1,0,1,52
0,7,1,0,2,48
0,7,1,0,3,39
0,7,1,0,4,44
0,7,1,0,5,39
0,7,1,0,6,56
0,7,1,0,7,50
0,7,1,0,8,55
0,7,1,0,9,43
0,7,1,0,10,56
0,7,1,0,11,57
0,7,1,0,12,52
0,7,2,3,0,57
0,7,2,3,1,39
0,7,2,3,2,66
0,7,2,3,3,65
0,7,2,3,4,67
0,7,2,3,5,90
0,7,2,3,6,88
0,7,2,3,7,86
0,7,2,3,8,118
0,7,2,3,9,98
0,7,2,3,10,102
0,7,2,3,11,118
0,7,2,3,12,126
0,7,2,2,0,0
0,7,2,2,1,1
0,7,2,2,2,1
0,7,2,2,3,6
0,7,2,2,4,0
0,7,2,2,5,9
0,7,2,2,6,5
0,7,2,2,7,2
0,7,2,2,8,2
0,7,2,2,9,5
0,7,2,2,10,5
0,7,2,2,11,5
0,7,2,2,12,11
0,7,2,1,0,1
0,7,2,1,1,0
0,7,2,1,2,0
0,7,2,1,3,1
0,7,2,1,4,1
0,7,2,1,5,4
0,7,2,1,6,1
0,7,2,1,7,4
0,7,2,1,8,4
0,7,2,1,9,3
0,7,2,1,10,5
0,7,2,1,11,2
0,7,2,1,12,2
0,7,2,0,0,0
0,7,2,0,1,1
0,7,2,0,2,2
0,7,2,0,3,2
0,7,2,0,4,2
0,7,2,0,5,0
0,7,2,0,6,4
0,7,2,0,7,5
0,7,2,0,8,5
0,7,2,0,9,4
0,7,2,0,10,2
0,7,2,0,11,6
0,7,2,0,12,9
0,7,0,3,0,755
0,7,0,3,1,794
0,7,0,3,2,994
0,7,0,3,3,952
0,7,0,3,4,1020
0,7,0,3,5,1261
0,7,0,3,6,1130
0,7,0,3,7,1071
0,7,0,3,8,1162
0,7,0,3,9,1139
0,7,0,3,10,1105
0,7,0,3,11,1268
0,7,0,3,12,1424
0,7,0,2,0,22
0,7,0,2,1,31
0,7,0,2,2,17
0,7,0,2,3,34
0,7,0,2,4,23
0,7,0,2,5,38
0,7,0,2,6,22
0,7,0,2,7,33
0,7,0,2,8,23
0,7,0,2,9,40
0,7,0,2,10,35
0,7,0,2,11,42
0,7,0,2,12,39
0,7,0,1,0,11
0,7,0,1,1,16
0,7,0,1,2,27
0,7,0,1,3,20
0,7,0,1,4,29
0,7,0,1,5,25
0,7,0,1,6,35
0,7,0,1,7,24
0,7,0,1,8,26
0,7,0,1,9,18
0,7,0,1,10,27
0,7,0,1,11,29
0,7,0,1,12,34
0,7,0,0,0,20
0,7,0,0,1,36
0,7,0,0,2,36
0,7,0,0,3,43
0,7,0,0,4,51
0,7,0,0,5,41
0,7,0,0,6,51
0,7,0,0,7,37
0,7,0,0,8,48
0,7,0,0,9,38
0,7,0,0,10,48
0,7,0,0,11,48
0,7,0,0,12,60
0,7,4,3,0,621
0,7,4,3,1,709
0,7,4,3,2,823
0,7,4,3,3,964
0,7,4,3,4,952
0,7,4,3,5,1092
0,7,4,3,6,1206
0,7,4,3,7,1259
0,7,4,3,8,1369
0,7,4,3,9,1299
0,7,4,3,10,1220
0,7,4,3,11,1403
0,7,4,3,12,1575
0,7,4,2,0,17
0,7,4,2,1,14
0,7,4,2,2,5
0,7,4,2,3,27
0,7,4,2,4,25
0,7,4,2,5,32
0,7,4,2,6,28
0,7,4,2,7,30
0,7,4,2,8,28
0,7,4,2,9,23
0,7,4,2,10,24
0,7,4,2,11,29
0,7,4,2,12,44
0,7,4,1,0,10
0,7,4,1,1,13
0,7,4,1,2,23
0,7,4,1,3,21
0,7,4,1,4,23
0,7,4,1,5,23
0,7,4,1,6,37
0,7,4,1,7,34
0,7,4,1,8,25
0,7,4,1,9,24
0,7,4,1,10,23
0,7,4,1,11,40
0,7,4,1,12,47
0,7,4,0,0,29
0,7,4,0,1,20
0,7,4,0,2,33
0,7,4,0,3,39
0,7,4,0,4,41
0,7,4,0,5,45
0,7,4,0,6,64
0,7,4,0,7,48
0,7,4,0,8,40
0,7,4,0,9,40
0,7,4,0,10,47
0,7,4,0,11,59
0,7,4,0,12,75
0,7,3,3,0,58
0,7,3,3,1,65
0,7,3,3,2,69
0,7,3,3,3,79
0,7,3,3,4,69
0,7,3,3,5,84
0,7,3,3,6,68
0,7,3,3,7,90
0,7,3,3,8,68
0,7,3,3,9,85
0,7,3,3,10,94
0,7,3,3,11,113
0,7,3,3,12,112
0,7,3,2,0,1
0,7,3,2,1,3
0,7,3,2,2,2
0,7,3,2,3,4
0,7,3,2,4,4
0,7,3,2,5,4
0,7,3,2,6,7
0,7,3,2,7,4
0,7,3,2,8,5
0,7,3,2,9,5
0,7,3,2,10,5
0,7,3,2,11,4
0,7,3,2,12,7
0,7,3,1,0,2
0,7,3,1,1,8
0,7,3,1,2,0
0,7,3,1,3,4
0,7,3,1,4,2
0,7,3,1,5,2
0,7,3,1,6,7
0,7,3,1,7,3
0,7,3,1,8,3
0,7,3,1,9,6
0,7,3,1,10,5
0,7,3,1,11,8
0,7,3,1,12,2
0,7,3,0,0,2
0,7,3,0,1,2
0,7,3,0,2,4
0,7,3,0,3,4
0,7,3,0,4,2
0,7,3,0,5,2
0,7,3,0,6,5
0,7,3,0,7,2
0,7,3,0,8,3
0,7,3,0,9,2
0,7,3,0,10,4
0,7,3,0,11,9
0,7,3,0,12,8
