Periode,Antal,Recidivhændelser,Uddannelse,Køn,Alder
0,3502,5,1,1,0
0,2908,5,1,1,1
0,2126,5,1,1,2
0,1996,5,1,1,3
0,2185,5,1,1,4
0,4224,5,1,1,5
0,2580,5,1,1,6
0,2159,5,1,1,7
0,1155,5,1,0,0
0,805,5,1,0,1
0,519,5,1,0,2
0,583,5,1,0,3
0,637,5,1,0,4
0,1326,5,1,0,5
0,914,5,1,0,6
0,879,5,1,0,7
0,1102,5,2,1,0
0,1129,5,2,1,1
0,465,5,2,1,2
0,426,5,2,1,3
0,445,5,2,1,4
0,886,5,2,1,5
0,412,5,2,1,6
0,151,5,2,1,7
0,491,5,2,0,0
0,393,5,2,0,1
0,153,5,2,0,2
0,185,5,2,0,3
0,189,5,2,0,4
0,380,5,2,0,5
0,93,5,2,0,6
0,57,5,2,0,7
0,2011,5,0,1,0
0,3506,5,0,1,1
0,3094,5,0,1,2
0,3313,5,0,1,3
0,3300,5,0,1,4
0,6700,5,0,1,5
0,3947,5,0,1,6
0,2737,5,0,1,7
0,274,5,0,0,0
0,682,5,0,0,1
0,805,5,0,0,2
0,1065,5,0,0,3
0,1108,5,0,0,4
0,2279,5,0,0,5
0,1090,5,0,0,6
0,755,5,0,0,7
0,19,5,4,1,0
0,596,5,4,1,1
0,1130,5,4,1,2
0,1571,5,4,1,3
0,1809,5,4,1,4
0,3403,5,4,1,5
0,2191,5,4,1,6
0,1506,5,4,1,7
0,4,5,4,0,0
0,389,5,4,0,1
0,663,5,4,0,2
0,951,5,4,0,3
0,1171,5,4,0,4
0,2120,5,4,0,5
0,1176,5,4,0,6
0,621,5,4,0,7
0,96,5,3,1,0
0,359,5,3,1,1
0,440,5,3,1,2
0,393,5,3,1,3
0,365,5,3,1,4
0,715,5,3,1,5
0,368,5,3,1,6
0,259,5,3,1,7
0,35,5,3,0,0
0,74,5,3,0,1
0,101,5,3,0,2
0,83,5,3,0,3
0,76,5,3,0,4
0,127,5,3,0,5
0,72,5,3,0,6
0,58,5,3,0,7
0,1405,0,1,1,0
0,1205,0,1,1,1
0,861,0,1,1,2
0,737,0,1,1,3
0,651,0,1,1,4
0,1080,0,1,1,5
0,477,0,1,1,6
0,268,0,1,1,7
0,165,0,1,0,0
0,137,0,1,0,1
0,103,0,1,0,2
0,108,0,1,0,3
0,100,0,1,0,4
0,211,0,1,0,5
0,80,0,1,0,6
0,67,0,1,0,7
0,212,0,2,1,0
0,196,0,2,1,1
0,105,0,2,1,2
0,115,0,2,1,3
0,123,0,2,1,4
0,169,0,2,1,5
0,77,0,2,1,6
0,20,0,2,1,7
0,38,0,2,0,0
0,37,0,2,0,1
0,19,0,2,0,2
0,20,0,2,0,3
0,28,0,2,0,4
0,47,0,2,0,5
0,11,0,2,0,6
0,0,0,2,0,7
0,753,0,0,1,0
0,1063,0,0,1,1
0,751,0,0,1,2
0,804,0,0,1,3
0,710,0,0,1,4
0,1288,0,0,1,5
0,574,0,0,1,6
0,263,0,0,1,7
0,41,0,0,0,0
0,75,0,0,0,1
0,93,0,0,0,2
0,117,0,0,0,3
0,138,0,0,0,4
0,250,0,0,0,5
0,80,0,0,0,6
0,38,0,0,0,7
0,3,0,4,1,0
0,102,0,4,1,1
0,169,0,4,1,2
0,223,0,4,1,3
0,284,0,4,1,4
0,611,0,4,1,5
0,338,0,4,1,6
0,149,0,4,1,7
0,0,0,4,0,0
0,29,0,4,0,1
0,58,0,4,0,2
0,102,0,4,0,3
0,116,0,4,0,4
0,206,0,4,0,5
0,95,0,4,0,6
0,44,0,4,0,7
0,40,0,3,1,0
0,130,0,3,1,1
0,125,0,3,1,2
0,98,0,3,1,3
0,92,0,3,1,4
0,177,0,3,1,5
0,69,0,3,1,6
0,27,0,3,1,7
0,6,0,3,0,0
0,11,0,3,0,1
0,7,0,3,0,2
0,6,0,3,0,3
0,10,0,3,0,4
0,16,0,3,0,5
0,12,0,3,0,6
0,5,0,3,0,7
0,717,2,1,1,0
0,657,2,1,1,1
0,443,2,1,1,2
0,360,2,1,1,3
0,262,2,1,1,4
0,447,2,1,1,5
0,139,2,1,1,6
0,67,2,1,1,7
0,60,2,1,0,0
0,57,2,1,0,1
0,37,2,1,0,2
0,27,2,1,0,3
0,44,2,1,0,4
0,70,2,1,0,5
0,25,2,1,0,6
0,14,2,1,0,7
0,78,2,2,1,0
0,69,2,2,1,1
0,37,2,2,1,2
0,34,2,2,1,3
0,38,2,2,1,4
0,43,2,2,1,5
0,11,2,2,1,6
0,7,2,2,1,7
0,6,2,2,0,0
0,5,2,2,0,1
0,3,2,2,0,2
0,7,2,2,0,3
0,5,2,2,0,4
0,4,2,2,0,5
0,4,2,2,0,6
0,1,2,2,0,7
0,331,2,0,1,0
0,423,2,0,1,1
0,261,2,0,1,2
0,244,2,0,1,3
0,234,2,0,1,4
0,359,2,0,1,5
0,132,2,0,1,6
0,56,2,0,1,7
0,15,2,0,0,0
0,14,2,0,0,1
0,16,2,0,0,2
0,15,2,0,0,3
0,22,2,0,0,4
0,43,2,0,0,5
0,8,2,0,0,6
0,10,2,0,0,7
0,0,2,4,1,0
0,25,2,4,1,1
0,56,2,4,1,2
0,45,2,4,1,3
0,54,2,4,1,4
0,110,2,4,1,5
0,53,2,4,1,6
0,25,2,4,1,7
0,0,2,4,0,0
0,3,2,4,0,1
0,6,2,4,0,2
0,11,2,4,0,3
0,15,2,4,0,4
0,31,2,4,0,5
0,14,2,4,0,6
0,5,2,4,0,7
0,34,2,3,1,0
0,70,2,3,1,1
0,57,2,3,1,2
0,51,2,3,1,3
0,44,2,3,1,4
0,68,2,3,1,5
0,25,2,3,1,6
0,5,2,3,1,7
0,2,2,3,0,0
0,5,2,3,0,1
0,3,2,3,0,2
0,2,2,3,0,3
0,3,2,3,0,4
0,4,2,3,0,5
0,1,2,3,0,6
0,0,2,3,0,7
0,439,3,1,1,0
0,407,3,1,1,1
0,248,3,1,1,2
0,204,3,1,1,3
0,162,3,1,1,4
0,199,3,1,1,5
0,61,3,1,1,6
0,25,3,1,1,7
0,34,3,1,0,0
0,26,3,1,0,1
0,18,3,1,0,2
0,25,3,1,0,3
0,21,3,1,0,4
0,36,3,1,0,5
0,9,3,1,0,6
0,8,3,1,0,7
0,37,3,2,1,0
0,29,3,2,1,1
0,15,3,2,1,2
0,11,3,2,1,3
0,11,3,2,1,4
0,18,3,2,1,5
0,2,3,2,1,6
0,1,3,2,1,7
0,2,3,2,0,0
0,5,3,2,0,1
0,0,3,2,0,2
0,1,3,2,0,3
0,1,3,2,0,4
0,3,3,2,0,5
0,0,3,2,0,6
0,0,3,2,0,7
0,176,3,0,1,0
0,212,3,0,1,1
0,132,3,0,1,2
0,117,3,0,1,3
0,101,3,0,1,4
0,155,3,0,1,5
0,51,3,0,1,6
0,20,3,0,1,7
0,3,3,0,0,0
0,7,3,0,0,1
0,4,3,0,0,2
0,6,3,0,0,3
0,10,3,0,0,4
0,8,3,0,0,5
0,9,3,0,0,6
0,2,3,0,0,7
0,0,3,4,1,0
0,12,3,4,1,1
0,12,3,4,1,2
0,13,3,4,1,3
0,16,3,4,1,4
0,44,3,4,1,5
0,17,3,4,1,6
0,9,3,4,1,7
0,0,3,4,0,0
0,2,3,4,0,1
0,3,3,4,0,2
0,2,3,4,0,3
0,4,3,4,0,4
0,8,3,4,0,5
0,4,3,4,0,6
0,4,3,4,0,7
0,19,3,3,1,0
0,43,3,3,1,1
0,25,3,3,1,2
0,23,3,3,1,3
0,29,3,3,1,4
0,28,3,3,1,5
0,14,3,3,1,6
0,4,3,3,1,7
0,1,3,3,0,0
0,2,3,3,0,1
0,1,3,3,0,2
0,1,3,3,0,3
0,2,3,3,0,4
0,6,3,3,0,5
0,1,3,3,0,6
0,0,3,3,0,7
0,1024,4,1,1,0
0,938,4,1,1,1
0,531,4,1,1,2
0,424,4,1,1,3
0,274,4,1,1,4
0,334,4,1,1,5
0,76,4,1,1,6
0,26,4,1,1,7
0,50,4,1,0,0
0,39,4,1,0,1
0,30,4,1,0,2
0,34,4,1,0,3
0,27,4,1,0,4
0,56,4,1,0,5
0,7,4,1,0,6
0,5,4,1,0,7
0,48,4,2,1,0
0,45,4,2,1,1
0,16,4,2,1,2
0,21,4,2,1,3
0,20,4,2,1,4
0,17,4,2,1,5
0,5,4,2,1,6
0,2,4,2,1,7
0,3,4,2,0,0
0,3,4,2,0,1
0,3,4,2,0,2
0,3,4,2,0,3
0,2,4,2,0,4
0,4,4,2,0,5
0,1,4,2,0,6
0,0,4,2,0,7
0,352,4,0,1,0
0,305,4,0,1,1
0,221,4,0,1,2
0,170,4,0,1,3
0,118,4,0,1,4
0,168,4,0,1,5
0,39,4,0,1,6
0,21,4,0,1,7
0,3,4,0,0,0
0,7,4,0,0,1
0,5,4,0,0,2
0,14,4,0,0,3
0,10,4,0,0,4
0,13,4,0,0,5
0,5,4,0,0,6
0,3,4,0,0,7
0,0,4,4,1,0
0,11,4,4,1,1
0,18,4,4,1,2
0,15,4,4,1,3
0,24,4,4,1,4
0,29,4,4,1,5
0,14,4,4,1,6
0,8,4,4,1,7
0,0,4,4,0,0
0,3,4,4,0,1
0,1,4,4,0,2
0,3,4,4,0,3
0,1,4,4,0,4
0,6,4,4,0,5
0,4,4,4,0,6
0,2,4,4,0,7
0,70,4,3,1,0
0,118,4,3,1,1
0,65,4,3,1,2
0,53,4,3,1,3
0,43,4,3,1,4
0,75,4,3,1,5
0,11,4,3,1,6
0,1,4,3,1,7
0,6,4,3,0,0
0,1,4,3,0,1
0,3,4,3,0,2
0,1,4,3,0,3
0,3,4,3,0,4
0,3,4,3,0,5
0,1,4,3,0,6
0,0,4,3,0,7
0,479,1,1,1,0
0,491,1,1,1,1
0,303,1,1,1,2
0,196,1,1,1,3
0,115,1,1,1,4
0,114,1,1,1,5
0,14,1,1,1,6
0,3,1,1,1,7
0,7,1,1,0,0
0,16,1,1,0,1
0,13,1,1,0,2
0,13,1,1,0,3
0,15,1,1,0,4
0,13,1,1,0,5
0,2,1,1,0,6
0,1,1,1,0,7
0,5,1,2,1,0
0,14,1,2,1,1
0,6,1,2,1,2
0,4,1,2,1,3
0,2,1,2,1,4
0,4,1,2,1,5
0,2,1,2,1,6
0,0,1,2,1,7
0,0,1,2,0,0
0,0,1,2,0,1
0,1,1,2,0,2
0,0,1,2,0,3
0,2,1,2,0,4
0,0,1,2,0,5
0,0,1,2,0,6
0,0,1,2,0,7
0,102,1,0,1,0
0,87,1,0,1,1
0,54,1,0,1,2
0,43,1,0,1,3
0,36,1,0,1,4
0,35,1,0,1,5
0,5,1,0,1,6
0,1,1,0,1,7
0,0,1,0,0,0
0,0,1,0,0,1
0,3,1,0,0,2
0,3,1,0,0,3
0,1,1,0,0,4
0,4,1,0,0,5
0,2,1,0,0,6
0,0,1,0,0,7
0,0,1,4,1,0
0,1,1,4,1,1
0,3,1,4,1,2
0,0,1,4,1,3
0,8,1,4,1,4
0,8,1,4,1,5
0,1,1,4,1,6
0,1,1,4,1,7
0,0,1,4,0,0
0,1,1,4,0,1
0,1,1,4,0,2
0,2,1,4,0,3
0,2,1,4,0,4
0,1,1,4,0,5
0,0,1,4,0,6
0,1,1,4,0,7
0,54,1,3,1,0
0,79,1,3,1,1
0,52,1,3,1,2
0,29,1,3,1,3
0,30,1,3,1,4
0,21,1,3,1,5
0,3,1,3,1,6
0,0,1,3,1,7
0,0,1,3,0,0
0,3,1,3,0,1
0,1,1,3,0,2
0,1,1,3,0,3
0,1,1,3,0,4
0,2,1,3,0,5
0,0,1,3,0,6
0,0,1,3,0,7
1,3727,5,1,1,0
1,3102,5,1,1,1
1,2150,5,1,1,2
1,2051,5,1,1,3
1,2153,5,1,1,4
1,4281,5,1,1,5
1,2613,5,1,1,6
1,2333,5,1,1,7
1,1260,5,1,0,0
1,799,5,1,0,1
1,586,5,1,0,2
1,569,5,1,0,3
1,651,5,1,0,4
1,1353,5,1,0,5
1,933,5,1,0,6
1,889,5,1,0,7
1,1357,5,2,1,0
1,1193,5,2,1,1
1,440,5,2,1,2
1,483,5,2,1,3
1,439,5,2,1,4
1,880,5,2,1,5
1,415,5,2,1,6
1,193,5,2,1,7
1,503,5,2,0,0
1,475,5,2,0,1
1,152,5,2,0,2
1,165,5,2,0,3
1,199,5,2,0,4
1,423,5,2,0,5
1,122,5,2,0,6
1,39,5,2,0,7
1,2265,5,0,1,0
1,3502,5,0,1,1
1,3065,5,0,1,2
1,3277,5,0,1,3
1,3389,5,0,1,4
1,6988,5,0,1,5
1,4182,5,0,1,6
1,2914,5,0,1,7
1,352,5,0,0,0
1,693,5,0,0,1
1,829,5,0,0,2
1,1048,5,0,0,3
1,1220,5,0,0,4
1,2403,5,0,0,5
1,1033,5,0,0,6
1,794,5,0,0,7
1,18,5,4,1,0
1,681,5,4,1,1
1,1122,5,4,1,2
1,1496,5,4,1,3
1,1838,5,4,1,4
1,3622,5,4,1,5
1,2277,5,4,1,6
1,1744,5,4,1,7
1,10,5,4,0,0
1,418,5,4,0,1
1,736,5,4,0,2
1,967,5,4,0,3
1,1220,5,4,0,4
1,2304,5,4,0,5
1,1370,5,4,0,6
1,709,5,4,0,7
1,105,5,3,1,0
1,452,5,3,1,1
1,562,5,3,1,2
1,467,5,3,1,3
1,393,5,3,1,4
1,755,5,3,1,5
1,458,5,3,1,6
1,263,5,3,1,7
1,32,5,3,0,0
1,127,5,3,0,1
1,109,5,3,0,2
1,87,5,3,0,3
1,91,5,3,0,4
1,135,5,3,0,5
1,103,5,3,0,6
1,65,5,3,0,7
1,1441,0,1,1,0
1,1253,0,1,1,1
1,823,0,1,1,2
1,703,0,1,1,3
1,662,0,1,1,4
1,1046,0,1,1,5
1,515,0,1,1,6
1,277,0,1,1,7
1,182,0,1,0,0
1,151,0,1,0,1
1,106,0,1,0,2
1,113,0,1,0,3
1,136,0,1,0,4
1,223,0,1,0,5
1,80,0,1,0,6
1,76,0,1,0,7
1,275,0,2,1,0
1,236,0,2,1,1
1,122,0,2,1,2
1,105,0,2,1,3
1,121,0,2,1,4
1,169,0,2,1,5
1,64,0,2,1,6
1,28,0,2,1,7
1,30,0,2,0,0
1,30,0,2,0,1
1,21,0,2,0,2
1,35,0,2,0,3
1,28,0,2,0,4
1,56,0,2,0,5
1,13,0,2,0,6
1,2,0,2,0,7
1,772,0,0,1,0
1,1013,0,0,1,1
1,721,0,0,1,2
1,769,0,0,1,3
1,692,0,0,1,4
1,1358,0,0,1,5
1,654,0,0,1,6
1,288,0,0,1,7
1,45,0,0,0,0
1,67,0,0,0,1
1,78,0,0,0,2
1,107,0,0,0,3
1,131,0,0,0,4
1,255,0,0,0,5
1,107,0,0,0,6
1,63,0,0,0,7
1,2,0,4,1,0
1,94,0,4,1,1
1,154,0,4,1,2
1,244,0,4,1,3
1,284,0,4,1,4
1,621,0,4,1,5
1,343,0,4,1,6
1,202,0,4,1,7
1,0,0,4,0,0
1,31,0,4,0,1
1,63,0,4,0,2
1,87,0,4,0,3
1,123,0,4,0,4
1,235,0,4,0,5
1,110,0,4,0,6
1,39,0,4,0,7
1,28,0,3,1,0
1,157,0,3,1,1
1,154,0,3,1,2
1,124,0,3,1,3
1,100,0,3,1,4
1,141,0,3,1,5
1,68,0,3,1,6
1,38,0,3,1,7
1,5,0,3,0,0
1,12,0,3,0,1
1,12,0,3,0,2
1,13,0,3,0,3
1,10,0,3,0,4
1,23,0,3,0,5
1,11,0,3,0,6
1,10,0,3,0,7
1,716,2,1,1,0
1,694,2,1,1,1
1,440,2,1,1,2
1,369,2,1,1,3
1,300,2,1,1,4
1,474,2,1,1,5
1,169,2,1,1,6
1,52,2,1,1,7
1,70,2,1,0,0
1,58,2,1,0,1
1,39,2,1,0,2
1,52,2,1,0,3
1,31,2,1,0,4
1,76,2,1,0,5
1,27,2,1,0,6
1,21,2,1,0,7
1,94,2,2,1,0
1,84,2,2,1,1
1,38,2,2,1,2
1,33,2,2,1,3
1,39,2,2,1,4
1,53,2,2,1,5
1,16,2,2,1,6
1,3,2,2,1,7
1,6,2,2,0,0
1,19,2,2,0,1
1,2,2,2,0,2
1,4,2,2,0,3
1,4,2,2,0,4
1,8,2,2,0,5
1,3,2,2,0,6
1,0,2,2,0,7
1,340,2,0,1,0
1,386,2,0,1,1
1,279,2,0,1,2
1,247,2,0,1,3
1,240,2,0,1,4
1,412,2,0,1,5
1,180,2,0,1,6
1,72,2,0,1,7
1,13,2,0,0,0
1,24,2,0,0,1
1,17,2,0,0,2
1,14,2,0,0,3
1,24,2,0,0,4
1,50,2,0,0,5
1,10,2,0,0,6
1,10,2,0,0,7
1,1,2,4,1,0
1,29,2,4,1,1
1,43,2,4,1,2
1,52,2,4,1,3
1,47,2,4,1,4
1,128,2,4,1,5
1,62,2,4,1,6
1,30,2,4,1,7
1,0,2,4,0,0
1,7,2,4,0,1
1,6,2,4,0,2
1,19,2,4,0,3
1,9,2,4,0,4
1,30,2,4,0,5
1,23,2,4,0,6
1,4,2,4,0,7
1,30,2,3,1,0
1,53,2,3,1,1
1,75,2,3,1,2
1,50,2,3,1,3
1,51,2,3,1,4
1,85,2,3,1,5
1,30,2,3,1,6
1,4,2,3,1,7
1,3,2,3,0,0
1,2,2,3,0,1
1,7,2,3,0,2
1,5,2,3,0,3
1,4,2,3,0,4
1,4,2,3,0,5
1,3,2,3,0,6
1,2,2,3,0,7
1,433,3,1,1,0
1,437,3,1,1,1
1,267,3,1,1,2
1,194,3,1,1,3
1,160,3,1,1,4
1,245,3,1,1,5
1,76,3,1,1,6
1,31,3,1,1,7
1,40,3,1,0,0
1,37,3,1,0,1
1,18,3,1,0,2
1,30,3,1,0,3
1,22,3,1,0,4
1,30,3,1,0,5
1,8,3,1,0,6
1,11,3,1,0,7
1,44,3,2,1,0
1,37,3,2,1,1
1,22,3,2,1,2
1,18,3,2,1,3
1,8,3,2,1,4
1,17,3,2,1,5
1,3,3,2,1,6
1,3,3,2,1,7
1,3,3,2,0,0
1,5,3,2,0,1
1,0,3,2,0,2
1,1,3,2,0,3
1,1,3,2,0,4
1,2,3,2,0,5
1,2,3,2,0,6
1,0,3,2,0,7
1,226,3,0,1,0
1,202,3,0,1,1
1,129,3,0,1,2
1,111,3,0,1,3
1,105,3,0,1,4
1,155,3,0,1,5
1,69,3,0,1,6
1,22,3,0,1,7
1,3,3,0,0,0
1,5,3,0,0,1
1,4,3,0,0,2
1,10,3,0,0,3
1,4,3,0,0,4
1,13,3,0,0,5
1,3,3,0,0,6
1,3,3,0,0,7
1,0,3,4,1,0
1,8,3,4,1,1
1,15,3,4,1,2
1,20,3,4,1,3
1,12,3,4,1,4
1,24,3,4,1,5
1,13,3,4,1,6
1,11,3,4,1,7
1,0,3,4,0,0
1,0,3,4,0,1
1,4,3,4,0,2
1,1,3,4,0,3
1,8,3,4,0,4
1,6,3,4,0,5
1,9,3,4,0,6
1,1,3,4,0,7
1,17,3,3,1,0
1,54,3,3,1,1
1,41,3,3,1,2
1,27,3,3,1,3
1,26,3,3,1,4
1,45,3,3,1,5
1,14,3,3,1,6
1,3,3,3,1,7
1,0,3,3,0,0
1,3,3,3,0,1
1,6,3,3,0,2
1,0,3,3,0,3
1,0,3,3,0,4
1,5,3,3,0,5
1,2,3,3,0,6
1,0,3,3,0,7
1,988,4,1,1,0
1,986,4,1,1,1
1,571,4,1,1,2
1,456,4,1,1,3
1,311,4,1,1,4
1,353,4,1,1,5
1,74,4,1,1,6
1,21,4,1,1,7
1,63,4,1,0,0
1,59,4,1,0,1
1,40,4,1,0,2
1,39,4,1,0,3
1,42,4,1,0,4
1,52,4,1,0,5
1,11,4,1,0,6
1,7,4,1,0,7
1,65,4,2,1,0
1,45,4,2,1,1
1,18,4,2,1,2
1,14,4,2,1,3
1,5,4,2,1,4
1,23,4,2,1,5
1,2,4,2,1,6
1,2,4,2,1,7
1,1,4,2,0,0
1,2,4,2,0,1
1,3,4,2,0,2
1,3,4,2,0,3
1,4,4,2,0,4
1,3,4,2,0,5
1,2,4,2,0,6
1,0,4,2,0,7
1,354,4,0,1,0
1,345,4,0,1,1
1,225,4,0,1,2
1,172,4,0,1,3
1,165,4,0,1,4
1,204,4,0,1,5
1,73,4,0,1,6
1,16,4,0,1,7
1,7,4,0,0,0
1,8,4,0,0,1
1,9,4,0,0,2
1,7,4,0,0,3
1,12,4,0,0,4
1,20,4,0,0,5
1,2,4,0,0,6
1,7,4,0,0,7
1,0,4,4,1,0
1,9,4,4,1,1
1,20,4,4,1,2
1,17,4,4,1,3
1,19,4,4,1,4
1,47,4,4,1,5
1,18,4,4,1,6
1,7,4,4,1,7
1,0,4,4,0,0
1,0,4,4,0,1
1,2,4,4,0,2
1,1,4,4,0,3
1,3,4,4,0,4
1,8,4,4,0,5
1,4,4,4,0,6
1,3,4,4,0,7
1,67,4,3,1,0
1,102,4,3,1,1
1,93,4,3,1,2
1,60,4,3,1,3
1,67,4,3,1,4
1,70,4,3,1,5
1,23,4,3,1,6
1,2,4,3,1,7
1,0,4,3,0,0
1,9,4,3,0,1
1,2,4,3,0,2
1,2,4,3,0,3
1,6,4,3,0,4
1,5,4,3,0,5
1,1,4,3,0,6
1,1,4,3,0,7
1,475,1,1,1,0
1,547,1,1,1,1
1,318,1,1,1,2
1,217,1,1,1,3
1,112,1,1,1,4
1,113,1,1,1,5
1,15,1,1,1,6
1,1,1,1,1,7
1,13,1,1,0,0
1,18,1,1,0,1
1,6,1,1,0,2
1,15,1,1,0,3
1,11,1,1,0,4
1,14,1,1,0,5
1,0,1,1,0,6
1,2,1,1,0,7
1,14,1,2,1,0
1,13,1,2,1,1
1,7,1,2,1,2
1,5,1,2,1,3
1,1,1,2,1,4
1,5,1,2,1,5
1,1,1,2,1,6
1,1,1,2,1,7
1,0,1,2,0,0
1,1,1,2,0,1
1,0,1,2,0,2
1,0,1,2,0,3
1,0,1,2,0,4
1,1,1,2,0,5
1,0,1,2,0,6
1,0,1,2,0,7
1,131,1,0,1,0
1,102,1,0,1,1
1,66,1,0,1,2
1,49,1,0,1,3
1,42,1,0,1,4
1,44,1,0,1,5
1,6,1,0,1,6
1,1,1,0,1,7
1,1,1,0,0,0
1,0,1,0,0,1
1,1,1,0,0,2
1,3,1,0,0,3
1,0,1,0,0,4
1,5,1,0,0,5
1,1,1,0,0,6
1,0,1,0,0,7
1,0,1,4,1,0
1,0,1,4,1,1
1,2,1,4,1,2
1,1,1,4,1,3
1,6,1,4,1,4
1,7,1,4,1,5
1,0,1,4,1,6
1,0,1,4,1,7
1,0,1,4,0,0
1,0,1,4,0,1
1,0,1,4,0,2
1,2,1,4,0,3
1,1,1,4,0,4
1,3,1,4,0,5
1,3,1,4,0,6
1,0,1,4,0,7
1,32,1,3,1,0
1,98,1,3,1,1
1,74,1,3,1,2
1,28,1,3,1,3
1,35,1,3,1,4
1,24,1,3,1,5
1,4,1,3,1,6
1,0,1,3,1,7
1,0,1,3,0,0
1,2,1,3,0,1
1,0,1,3,0,2
1,1,1,3,0,3
1,1,1,3,0,4
1,1,1,3,0,5
1,0,1,3,0,6
1,0,1,3,0,7
2,3137,5,1,1,0
2,2848,5,1,1,1
2,2110,5,1,1,2
2,1929,5,1,1,3
2,2082,5,1,1,4
2,4396,5,1,1,5
2,2869,5,1,1,6
2,2517,5,1,1,7
2,1211,5,1,0,0
2,809,5,1,0,1
2,577,5,1,0,2
2,585,5,1,0,3
2,618,5,1,0,4
2,1292,5,1,0,5
2,1039,5,1,0,6
2,1015,5,1,0,7
2,1391,5,2,1,0
2,1082,5,2,1,1
2,386,5,2,1,2
2,424,5,2,1,3
2,487,5,2,1,4
2,858,5,2,1,5
2,490,5,2,1,6
2,193,5,2,1,7
2,507,5,2,0,0
2,416,5,2,0,1
2,173,5,2,0,2
2,166,5,2,0,3
2,204,5,2,0,4
2,449,5,2,0,5
2,138,5,2,0,6
2,66,5,2,0,7
2,1924,5,0,1,0
2,3458,5,0,1,1
2,2751,5,0,1,2
2,3101,5,0,1,3
2,3425,5,0,1,4
2,7294,5,0,1,5
2,4678,5,0,1,6
2,3295,5,0,1,7
2,397,5,0,0,0
2,757,5,0,0,1
2,721,5,0,0,2
2,1030,5,0,0,3
2,1310,5,0,0,4
2,2754,5,0,0,5
2,1217,5,0,0,6
2,994,5,0,0,7
2,27,5,4,1,0
2,714,5,4,1,1
2,994,5,4,1,2
2,1542,5,4,1,3
2,1938,5,4,1,4
2,3839,5,4,1,5
2,2511,5,4,1,6
2,1931,5,4,1,7
2,11,5,4,0,0
2,439,5,4,0,1
2,665,5,4,0,2
2,1044,5,4,0,3
2,1446,5,4,0,4
2,2495,5,4,0,5
2,1541,5,4,0,6
2,823,5,4,0,7
2,59,5,3,1,0
2,396,5,3,1,1
2,637,5,3,1,2
2,510,5,3,1,3
2,443,5,3,1,4
2,837,5,3,1,5
2,492,5,3,1,6
2,319,5,3,1,7
2,21,5,3,0,0
2,94,5,3,0,1
2,130,5,3,0,2
2,108,5,3,0,3
2,100,5,3,0,4
2,158,5,3,0,5
2,94,5,3,0,6
2,69,5,3,0,7
2,1322,0,1,1,0
2,1255,0,1,1,1
2,877,0,1,1,2
2,745,0,1,1,3
2,689,0,1,1,4
2,1265,0,1,1,5
2,569,0,1,1,6
2,338,0,1,1,7
2,178,0,1,0,0
2,173,0,1,0,1
2,118,0,1,0,2
2,127,0,1,0,3
2,139,0,1,0,4
2,220,0,1,0,5
2,110,0,1,0,6
2,93,0,1,0,7
2,296,0,2,1,0
2,234,0,2,1,1
2,107,0,2,1,2
2,91,0,2,1,3
2,128,0,2,1,4
2,201,0,2,1,5
2,103,0,2,1,6
2,35,0,2,1,7
2,30,0,2,0,0
2,56,0,2,0,1
2,21,0,2,0,2
2,27,0,2,0,3
2,30,0,2,0,4
2,49,0,2,0,5
2,14,0,2,0,6
2,2,0,2,0,7
2,826,0,0,1,0
2,1163,0,0,1,1
2,760,0,0,1,2
2,748,0,0,1,3
2,832,0,0,1,4
2,1566,0,0,1,5
2,731,0,0,1,6
2,351,0,0,1,7
2,63,0,0,0,0
2,111,0,0,0,1
2,104,0,0,0,2
2,139,0,0,0,3
2,153,0,0,0,4
2,279,0,0,0,5
2,114,0,0,0,6
2,57,0,0,0,7
2,3,0,4,1,0
2,132,0,4,1,1
2,168,0,4,1,2
2,216,0,4,1,3
2,298,0,4,1,4
2,710,0,4,1,5
2,445,0,4,1,6
2,235,0,4,1,7
2,0,0,4,0,0
2,32,0,4,0,1
2,41,0,4,0,2
2,88,0,4,0,3
2,131,0,4,0,4
2,296,0,4,0,5
2,124,0,4,0,6
2,50,0,4,0,7
2,40,0,3,1,0
2,128,0,3,1,1
2,181,0,3,1,2
2,129,0,3,1,3
2,127,0,3,1,4
2,197,0,3,1,5
2,112,0,3,1,6
2,28,0,3,1,7
2,7,0,3,0,0
2,13,0,3,0,1
2,17,0,3,0,2
2,17,0,3,0,3
2,12,0,3,0,4
2,21,0,3,0,5
2,17,0,3,0,6
2,5,0,3,0,7
2,683,2,1,1,0
2,663,2,1,1,1
2,447,2,1,1,2
2,386,2,1,1,3
2,306,2,1,1,4
2,515,2,1,1,5
2,238,2,1,1,6
2,80,2,1,1,7
2,68,2,1,0,0
2,87,2,1,0,1
2,65,2,1,0,2
2,50,2,1,0,3
2,50,2,1,0,4
2,83,2,1,0,5
2,40,2,1,0,6
2,20,2,1,0,7
2,110,2,2,1,0
2,101,2,2,1,1
2,35,2,2,1,2
2,34,2,2,1,3
2,31,2,2,1,4
2,65,2,2,1,5
2,27,2,2,1,6
2,3,2,2,1,7
2,6,2,2,0,0
2,9,2,2,0,1
2,4,2,2,0,2
2,4,2,2,0,3
2,8,2,2,0,4
2,8,2,2,0,5
2,6,2,2,0,6
2,1,2,2,0,7
2,383,2,0,1,0
2,489,2,0,1,1
2,291,2,0,1,2
2,262,2,0,1,3
2,264,2,0,1,4
2,472,2,0,1,5
2,212,2,0,1,6
2,98,2,0,1,7
2,15,2,0,0,0
2,26,2,0,0,1
2,24,2,0,0,2
2,18,2,0,0,3
2,39,2,0,0,4
2,72,2,0,0,5
2,21,2,0,0,6
2,16,2,0,0,7
2,1,2,4,1,0
2,28,2,4,1,1
2,44,2,4,1,2
2,56,2,4,1,3
2,70,2,4,1,4
2,165,2,4,1,5
2,89,2,4,1,6
2,41,2,4,1,7
2,1,2,4,0,0
2,4,2,4,0,1
2,10,2,4,0,2
2,15,2,4,0,3
2,17,2,4,0,4
2,46,2,4,0,5
2,30,2,4,0,6
2,8,2,4,0,7
2,19,2,3,1,0
2,64,2,3,1,1
2,71,2,3,1,2
2,59,2,3,1,3
2,63,2,3,1,4
2,98,2,3,1,5
2,47,2,3,1,6
2,4,2,3,1,7
2,0,2,3,0,0
2,3,2,3,0,1
2,8,2,3,0,2
2,8,2,3,0,3
2,5,2,3,0,4
2,9,2,3,0,5
2,5,2,3,0,6
2,1,2,3,0,7
2,488,3,1,1,0
2,378,3,1,1,1
2,318,3,1,1,2
2,235,3,1,1,3
2,175,3,1,1,4
2,269,3,1,1,5
2,89,3,1,1,6
2,32,3,1,1,7
2,31,3,1,0,0
2,34,3,1,0,1
2,24,3,1,0,2
2,30,3,1,0,3
2,23,3,1,0,4
2,38,3,1,0,5
2,13,3,1,0,6
2,3,3,1,0,7
2,53,3,2,1,0
2,54,3,2,1,1
2,14,3,2,1,2
2,21,3,2,1,3
2,14,3,2,1,4
2,22,3,2,1,5
2,11,3,2,1,6
2,2,3,2,1,7
2,0,3,2,0,0
2,4,3,2,0,1
2,4,3,2,0,2
2,3,3,2,0,3
2,5,3,2,0,4
2,1,3,2,0,5
2,2,3,2,0,6
2,0,3,2,0,7
2,220,3,0,1,0
2,256,3,0,1,1
2,137,3,0,1,2
2,146,3,0,1,3
2,129,3,0,1,4
2,176,3,0,1,5
2,85,3,0,1,6
2,34,3,0,1,7
2,6,3,0,0,0
2,10,3,0,0,1
2,8,3,0,0,2
2,10,3,0,0,3
2,11,3,0,0,4
2,18,3,0,0,5
2,7,3,0,0,6
2,2,3,0,0,7
2,1,3,4,1,0
2,18,3,4,1,1
2,20,3,4,1,2
2,18,3,4,1,3
2,8,3,4,1,4
2,46,3,4,1,5
2,30,3,4,1,6
2,9,3,4,1,7
2,1,3,4,0,0
2,0,3,4,0,1
2,2,3,4,0,2
2,2,3,4,0,3
2,4,3,4,0,4
2,7,3,4,0,5
2,10,3,4,0,6
2,0,3,4,0,7
2,10,3,3,1,0
2,45,3,3,1,1
2,56,3,3,1,2
2,31,3,3,1,3
2,28,3,3,1,4
2,43,3,3,1,5
2,17,3,3,1,6
2,4,3,3,1,7
2,0,3,3,0,0
2,3,3,3,0,1
2,2,3,3,0,2
2,2,3,3,0,3
2,0,3,3,0,4
2,5,3,3,0,5
2,2,3,3,0,6
2,0,3,3,0,7
2,1019,4,1,1,0
2,1120,4,1,1,1
2,644,4,1,1,2
2,461,4,1,1,3
2,333,4,1,1,4
2,436,4,1,1,5
2,105,4,1,1,6
2,24,4,1,1,7
2,56,4,1,0,0
2,62,4,1,0,1
2,32,4,1,0,2
2,32,4,1,0,3
2,51,4,1,0,4
2,54,4,1,0,5
2,10,4,1,0,6
2,3,4,1,0,7
2,69,4,2,1,0
2,45,4,2,1,1
2,23,4,2,1,2
2,24,4,2,1,3
2,8,4,2,1,4
2,24,4,2,1,5
2,7,4,2,1,6
2,6,4,2,1,7
2,2,4,2,0,0
2,5,4,2,0,1
2,4,4,2,0,2
2,1,4,2,0,3
2,5,4,2,0,4
2,3,4,2,0,5
2,5,4,2,0,6
2,0,4,2,0,7
2,376,4,0,1,0
2,433,4,0,1,1
2,224,4,0,1,2
2,190,4,0,1,3
2,149,4,0,1,4
2,234,4,0,1,5
2,66,4,0,1,6
2,21,4,0,1,7
2,14,4,0,0,0
2,12,4,0,0,1
2,11,4,0,0,2
2,16,4,0,0,3
2,9,4,0,0,4
2,14,4,0,0,5
2,7,4,0,0,6
2,5,4,0,0,7
2,1,4,4,1,0
2,21,4,4,1,1
2,20,4,4,1,2
2,11,4,4,1,3
2,21,4,4,1,4
2,52,4,4,1,5
2,21,4,4,1,6
2,13,4,4,1,7
2,0,4,4,0,0
2,0,4,4,0,1
2,2,4,4,0,2
2,3,4,4,0,3
2,5,4,4,0,4
2,11,4,4,0,5
2,8,4,4,0,6
2,3,4,4,0,7
2,43,4,3,1,0
2,113,4,3,1,1
2,113,4,3,1,2
2,65,4,3,1,3
2,67,4,3,1,4
2,77,4,3,1,5
2,24,4,3,1,6
2,1,4,3,1,7
2,1,4,3,0,0
2,6,4,3,0,1
2,4,4,3,0,2
2,1,4,3,0,3
2,2,4,3,0,4
2,6,4,3,0,5
2,4,4,3,0,6
2,0,4,3,0,7
2,510,1,1,1,0
2,634,1,1,1,1
2,334,1,1,1,2
2,270,1,1,1,3
2,135,1,1,1,4
2,141,1,1,1,5
2,17,1,1,1,6
2,1,1,1,1,7
2,25,1,1,0,0
2,23,1,1,0,1
2,13,1,1,0,2
2,12,1,1,0,3
2,19,1,1,0,4
2,18,1,1,0,5
2,4,1,1,0,6
2,1,1,1,0,7
2,23,1,2,1,0
2,18,1,2,1,1
2,7,1,2,1,2
2,3,1,2,1,3
2,4,1,2,1,4
2,5,1,2,1,5
2,0,1,2,1,6
2,0,1,2,1,7
2,0,1,2,0,0
2,1,1,2,0,1
2,0,1,2,0,2
2,0,1,2,0,3
2,0,1,2,0,4
2,1,1,2,0,5
2,0,1,2,0,6
2,0,1,2,0,7
2,142,1,0,1,0
2,144,1,0,1,1
2,71,1,0,1,2
2,61,1,0,1,3
2,53,1,0,1,4
2,64,1,0,1,5
2,13,1,0,1,6
2,2,1,0,1,7
2,2,1,0,0,0
2,2,1,0,0,1
2,1,1,0,0,2
2,3,1,0,0,3
2,3,1,0,0,4
2,2,1,0,0,5
2,1,1,0,0,6
2,0,1,0,0,7
2,0,1,4,1,0
2,1,1,4,1,1
2,7,1,4,1,2
2,1,1,4,1,3
2,4,1,4,1,4
2,13,1,4,1,5
2,5,1,4,1,6
2,1,1,4,1,7
2,0,1,4,0,0
2,0,1,4,0,1
2,0,1,4,0,2
2,2,1,4,0,3
2,1,1,4,0,4
2,1,1,4,0,5
2,0,1,4,0,6
2,0,1,4,0,7
2,25,1,3,1,0
2,84,1,3,1,1
2,63,1,3,1,2
2,28,1,3,1,3
2,31,1,3,1,4
2,31,1,3,1,5
2,5,1,3,1,6
2,0,1,3,1,7
2,0,1,3,0,0
2,1,1,3,0,1
2,0,1,3,0,2
2,1,1,3,0,3
2,0,1,3,0,4
2,0,1,3,0,5
2,0,1,3,0,6
2,0,1,3,0,7
3,3147,5,1,1,0
3,2761,5,1,1,1
3,2051,5,1,1,2
3,1932,5,1,1,3
3,2194,5,1,1,4
3,4619,5,1,1,5
3,3172,5,1,1,6
3,2715,5,1,1,7
3,1109,5,1,0,0
3,896,5,1,0,1
3,578,5,1,0,2
3,568,5,1,0,3
3,648,5,1,0,4
3,1358,5,1,0,5
3,1052,5,1,0,6
3,1031,5,1,0,7
3,1623,5,2,1,0
3,1344,5,2,1,1
3,400,5,2,1,2
3,365,5,2,1,3
3,468,5,2,1,4
3,938,5,2,1,5
3,527,5,2,1,6
3,238,5,2,1,7
3,558,5,2,0,0
3,476,5,2,0,1
3,126,5,2,0,2
3,147,5,2,0,3
3,226,5,2,0,4
3,494,5,2,0,5
3,183,5,2,0,6
3,65,5,2,0,7
3,2013,5,0,1,0
3,3776,5,0,1,1
3,3070,5,0,1,2
3,3094,5,0,1,3
3,3571,5,0,1,4
3,7710,5,0,1,5
3,5017,5,0,1,6
3,3718,5,0,1,7
3,382,5,0,0,0
3,778,5,0,0,1
3,768,5,0,0,2
3,983,5,0,0,3
3,1269,5,0,0,4
3,2806,5,0,0,5
3,1349,5,0,0,6
3,952,5,0,0,7
3,17,5,4,1,0
3,947,5,4,1,1
3,1203,5,4,1,2
3,1465,5,4,1,3
3,1943,5,4,1,4
3,4236,5,4,1,5
3,2791,5,4,1,6
3,2216,5,4,1,7
3,13,5,4,0,0
3,453,5,4,0,1
3,688,5,4,0,2
3,1067,5,4,0,3
3,1338,5,4,0,4
3,2730,5,4,0,5
3,1704,5,4,0,6
3,964,5,4,0,7
3,76,5,3,1,0
3,435,5,3,1,1
3,674,5,3,1,2
3,613,5,3,1,3
3,456,5,3,1,4
3,902,5,3,1,5
3,497,5,3,1,6
3,291,5,3,1,7
3,16,5,3,0,0
3,115,5,3,0,1
3,137,5,3,0,2
3,121,5,3,0,3
3,111,5,3,0,4
3,171,5,3,0,5
3,114,5,3,0,6
3,79,5,3,0,7
3,1323,0,1,1,0
3,1249,0,1,1,1
3,869,0,1,1,2
3,759,0,1,1,3
3,768,0,1,1,4
3,1363,0,1,1,5
3,690,0,1,1,6
3,344,0,1,1,7
3,177,0,1,0,0
3,177,0,1,0,1
3,142,0,1,0,2
3,114,0,1,0,3
3,128,0,1,0,4
3,247,0,1,0,5
3,151,0,1,0,6
3,80,0,1,0,7
3,386,0,2,1,0
3,341,0,2,1,1
3,116,0,2,1,2
3,93,0,2,1,3
3,123,0,2,1,4
3,237,0,2,1,5
3,93,0,2,1,6
3,37,0,2,1,7
3,40,0,2,0,0
3,40,0,2,0,1
3,26,0,2,0,2
3,23,0,2,0,3
3,25,0,2,0,4
3,59,0,2,0,5
3,17,0,2,0,6
3,9,0,2,0,7
3,916,0,0,1,0
3,1343,0,0,1,1
3,848,0,0,1,2
3,792,0,0,1,3
3,805,0,0,1,4
3,1664,0,0,1,5
3,826,0,0,1,6
3,422,0,0,1,7
3,48,0,0,0,0
3,124,0,0,0,1
3,107,0,0,0,2
3,126,0,0,0,3
3,134,0,0,0,4
3,324,0,0,0,5
3,141,0,0,0,6
3,72,0,0,0,7
3,2,0,4,1,0
3,170,0,4,1,1
3,204,0,4,1,2
3,254,0,4,1,3
3,315,0,4,1,4
3,724,0,4,1,5
3,450,0,4,1,6
3,249,0,4,1,7
3,0,0,4,0,0
3,40,0,4,0,1
3,59,0,4,0,2
3,86,0,4,0,3
3,126,0,4,0,4
3,281,0,4,0,5
3,155,0,4,0,6
3,71,0,4,0,7
3,18,0,3,1,0
3,133,0,3,1,1
3,173,0,3,1,2
3,150,0,3,1,3
3,137,0,3,1,4
3,224,0,3,1,5
3,125,0,3,1,6
3,30,0,3,1,7
3,3,0,3,0,0
3,17,0,3,0,1
3,12,0,3,0,2
3,21,0,3,0,3
3,21,0,3,0,4
3,31,0,3,0,5
3,14,0,3,0,6
3,11,0,3,0,7
3,716,2,1,1,0
3,719,2,1,1,1
3,529,2,1,1,2
3,405,2,1,1,3
3,343,2,1,1,4
3,498,2,1,1,5
3,224,2,1,1,6
3,109,2,1,1,7
3,67,2,1,0,0
3,71,2,1,0,1
3,45,2,1,0,2
3,49,2,1,0,3
3,42,2,1,0,4
3,73,2,1,0,5
3,45,2,1,0,6
3,24,2,1,0,7
3,154,2,2,1,0
3,105,2,2,1,1
3,25,2,2,1,2
3,40,2,2,1,3
3,36,2,2,1,4
3,52,2,2,1,5
3,32,2,2,1,6
3,8,2,2,1,7
3,10,2,2,0,0
3,9,2,2,0,1
3,11,2,2,0,2
3,3,2,2,0,3
3,5,2,2,0,4
3,14,2,2,0,5
3,6,2,2,0,6
3,0,2,2,0,7
3,392,2,0,1,0
3,683,2,0,1,1
3,324,2,0,1,2
3,287,2,0,1,3
3,307,2,0,1,4
3,538,2,0,1,5
3,232,2,0,1,6
3,130,2,0,1,7
3,15,2,0,0,0
3,30,2,0,0,1
3,28,2,0,0,2
3,24,2,0,0,3
3,30,2,0,0,4
3,65,2,0,0,5
3,23,2,0,0,6
3,16,2,0,0,7
3,1,2,4,1,0
3,53,2,4,1,1
3,45,2,4,1,2
3,46,2,4,1,3
3,63,2,4,1,4
3,141,2,4,1,5
3,91,2,4,1,6
3,43,2,4,1,7
3,0,2,4,0,0
3,5,2,4,0,1
3,12,2,4,0,2
3,18,2,4,0,3
3,12,2,4,0,4
3,45,2,4,0,5
3,23,2,4,0,6
3,12,2,4,0,7
3,17,2,3,1,0
3,70,2,3,1,1
3,81,2,3,1,2
3,74,2,3,1,3
3,52,2,3,1,4
3,93,2,3,1,5
3,49,2,3,1,6
3,7,2,3,1,7
3,1,2,3,0,0
3,3,2,3,0,1
3,14,2,3,0,2
3,7,2,3,0,3
3,5,2,3,0,4
3,7,2,3,0,5
3,8,2,3,0,6
3,0,2,3,0,7
3,480,3,1,1,0
3,514,3,1,1,1
3,335,3,1,1,2
3,240,3,1,1,3
3,199,3,1,1,4
3,284,3,1,1,5
3,102,3,1,1,6
3,30,3,1,1,7
3,36,3,1,0,0
3,42,3,1,0,1
3,37,3,1,0,2
3,19,3,1,0,3
3,30,3,1,0,4
3,30,3,1,0,5
3,12,3,1,0,6
3,4,3,1,0,7
3,62,3,2,1,0
3,53,3,2,1,1
3,19,3,2,1,2
3,14,3,2,1,3
3,12,3,2,1,4
3,25,3,2,1,5
3,11,3,2,1,6
3,4,3,2,1,7
3,5,3,2,0,0
3,3,3,2,0,1
3,1,3,2,0,2
3,5,3,2,0,3
3,2,3,2,0,4
3,2,3,2,0,5
3,1,3,2,0,6
3,0,3,2,0,7
3,227,3,0,1,0
3,312,3,0,1,1
3,157,3,0,1,2
3,127,3,0,1,3
3,123,3,0,1,4
3,194,3,0,1,5
3,78,3,0,1,6
3,31,3,0,1,7
3,8,3,0,0,0
3,17,3,0,0,1
3,10,3,0,0,2
3,7,3,0,0,3
3,8,3,0,0,4
3,14,3,0,0,5
3,7,3,0,0,6
3,4,3,0,0,7
3,0,3,4,1,0
3,20,3,4,1,1
3,20,3,4,1,2
3,16,3,4,1,3
3,22,3,4,1,4
3,46,3,4,1,5
3,32,3,4,1,6
3,10,3,4,1,7
3,0,3,4,0,0
3,4,3,4,0,1
3,7,3,4,0,2
3,2,3,4,0,3
3,6,3,4,0,4
3,7,3,4,0,5
3,5,3,4,0,6
3,0,3,4,0,7
3,13,3,3,1,0
3,37,3,3,1,1
3,52,3,3,1,2
3,36,3,3,1,3
3,26,3,3,1,4
3,52,3,3,1,5
3,18,3,3,1,6
3,4,3,3,1,7
3,0,3,3,0,0
3,4,3,3,0,1
3,1,3,3,0,2
3,0,3,3,0,3
3,1,3,3,0,4
3,2,3,3,0,5
3,3,3,3,0,6
3,1,3,3,0,7
3,1135,4,1,1,0
3,1094,4,1,1,1
3,693,4,1,1,2
3,464,4,1,1,3
3,342,4,1,1,4
3,461,4,1,1,5
3,120,4,1,1,6
3,36,4,1,1,7
3,66,4,1,0,0
3,59,4,1,0,1
3,51,4,1,0,2
3,39,4,1,0,3
3,39,4,1,0,4
3,71,4,1,0,5
3,26,4,1,0,6
3,5,4,1,0,7
3,92,4,2,1,0
3,66,4,2,1,1
3,28,4,2,1,2
3,25,4,2,1,3
3,16,4,2,1,4
3,30,4,2,1,5
3,8,4,2,1,6
3,4,4,2,1,7
3,1,4,2,0,0
3,3,4,2,0,1
3,7,4,2,0,2
3,0,4,2,0,3
3,2,4,2,0,4
3,9,4,2,0,5
3,3,4,2,0,6
3,0,4,2,0,7
3,462,4,0,1,0
3,530,4,0,1,1
3,244,4,0,1,2
3,198,4,0,1,3
3,167,4,0,1,4
3,246,4,0,1,5
3,82,4,0,1,6
3,21,4,0,1,7
3,15,4,0,0,0
3,10,4,0,0,1
3,6,4,0,0,2
3,9,4,0,0,3
3,11,4,0,0,4
3,16,4,0,0,5
3,9,4,0,0,6
3,4,4,0,0,7
3,1,4,4,1,0
3,31,4,4,1,1
3,23,4,4,1,2
3,21,4,4,1,3
3,20,4,4,1,4
3,40,4,4,1,5
3,20,4,4,1,6
3,8,4,4,1,7
3,0,4,4,0,0
3,4,4,4,0,1
3,5,4,4,0,2
3,4,4,4,0,3
3,5,4,4,0,4
3,10,4,4,0,5
3,4,4,4,0,6
3,4,4,4,0,7
3,33,4,3,1,0
3,96,4,3,1,1
3,116,4,3,1,2
3,74,4,3,1,3
3,62,4,3,1,4
3,70,4,3,1,5
3,25,4,3,1,6
3,1,4,3,1,7
3,2,4,3,0,0
3,7,4,3,0,1
3,3,4,3,0,2
3,4,4,3,0,3
3,6,4,3,0,4
3,6,4,3,0,5
3,3,4,3,0,6
3,0,4,3,0,7
3,543,1,1,1,0
3,651,1,1,1,1
3,357,1,1,1,2
3,277,1,1,1,3
3,156,1,1,1,4
3,144,1,1,1,5
3,17,1,1,1,6
3,3,1,1,1,7
3,25,1,1,0,0
3,20,1,1,0,1
3,18,1,1,0,2
3,13,1,1,0,3
3,22,1,1,0,4
3,22,1,1,0,5
3,6,1,1,0,6
3,1,1,1,0,7
3,23,1,2,1,0
3,19,1,2,1,1
3,9,1,2,1,2
3,3,1,2,1,3
3,4,1,2,1,4
3,5,1,2,1,5
3,0,1,2,1,6
3,0,1,2,1,7
3,2,1,2,0,0
3,0,1,2,0,1
3,1,1,2,0,2
3,0,1,2,0,3
3,0,1,2,0,4
3,0,1,2,0,5
3,0,1,2,0,6
3,0,1,2,0,7
3,168,1,0,1,0
3,203,1,0,1,1
3,84,1,0,1,2
3,46,1,0,1,3
3,43,1,0,1,4
3,48,1,0,1,5
3,13,1,0,1,6
3,4,1,0,1,7
3,2,1,0,0,0
3,2,1,0,0,1
3,3,1,0,0,2
3,2,1,0,0,3
3,3,1,0,0,4
3,6,1,0,0,5
3,1,1,0,0,6
3,1,1,0,0,7
3,0,1,4,1,0
3,5,1,4,1,1
3,9,1,4,1,2
3,7,1,4,1,3
3,3,1,4,1,4
3,15,1,4,1,5
3,4,1,4,1,6
3,0,1,4,1,7
3,0,1,4,0,0
3,0,1,4,0,1
3,0,1,4,0,2
3,0,1,4,0,3
3,1,1,4,0,4
3,2,1,4,0,5
3,0,1,4,0,6
3,0,1,4,0,7
3,22,1,3,1,0
3,66,1,3,1,1
3,70,1,3,1,2
3,31,1,3,1,3
3,42,1,3,1,4
3,35,1,3,1,5
3,7,1,3,1,6
3,2,1,3,1,7
3,0,1,3,0,0
3,0,1,3,0,1
3,1,1,3,0,2
3,0,1,3,0,3
3,0,1,3,0,4
3,3,1,3,0,5
3,0,1,3,0,6
3,0,1,3,0,7
4,3000,5,1,1,0
4,2662,5,1,1,1
4,2204,5,1,1,2
4,2032,5,1,1,3
4,2038,5,1,1,4
4,4614,5,1,1,5
4,3319,5,1,1,6
4,2532,5,1,1,7
4,1064,5,1,0,0
4,789,5,1,0,1
4,590,5,1,0,2
4,500,5,1,0,3
4,617,5,1,0,4
4,1304,5,1,0,5
4,1144,5,1,0,6
4,972,5,1,0,7
4,1912,5,2,1,0
4,1555,5,2,1,1
4,459,5,2,1,2
4,367,5,2,1,3
4,466,5,2,1,4
4,959,5,2,1,5
4,580,5,2,1,6
4,261,5,2,1,7
4,533,5,2,0,0
4,435,5,2,0,1
4,121,5,2,0,2
4,139,5,2,0,3
4,179,5,2,0,4
4,497,5,2,0,5
4,197,5,2,0,6
4,67,5,2,0,7
4,1959,5,0,1,0
4,4243,5,0,1,1
4,3119,5,0,1,2
4,2943,5,0,1,3
4,3506,5,0,1,4
4,7778,5,0,1,5
4,5090,5,0,1,6
4,3516,5,0,1,7
4,353,5,0,0,0
4,884,5,0,0,1
4,766,5,0,0,2
4,933,5,0,0,3
4,1186,5,0,0,4
4,2655,5,0,0,5
4,1418,5,0,0,6
4,1020,5,0,0,7
4,35,5,4,1,0
4,1280,5,4,1,1
4,1330,5,4,1,2
4,1443,5,4,1,3
4,1906,5,4,1,4
4,4087,5,4,1,5
4,2750,5,4,1,6
4,2188,5,4,1,7
4,12,5,4,0,0
4,477,5,4,0,1
4,671,5,4,0,2
4,973,5,4,0,3
4,1352,5,4,0,4
4,2771,5,4,0,5
4,1601,5,4,0,6
4,952,5,4,0,7
4,62,5,3,1,0
4,413,5,3,1,1
4,763,5,3,1,2
4,681,5,3,1,3
4,521,5,3,1,4
4,948,5,3,1,5
4,608,5,3,1,6
4,300,5,3,1,7
4,23,5,3,0,0
4,112,5,3,0,1
4,147,5,3,0,2
4,143,5,3,0,3
4,139,5,3,0,4
4,176,5,3,0,5
4,110,5,3,0,6
4,69,5,3,0,7
4,1248,0,1,1,0
4,1322,0,1,1,1
4,977,0,1,1,2
4,764,0,1,1,3
4,759,0,1,1,4
4,1358,0,1,1,5
4,707,0,1,1,6
4,349,0,1,1,7
4,214,0,1,0,0
4,217,0,1,0,1
4,133,0,1,0,2
4,116,0,1,0,3
4,146,0,1,0,4
4,226,0,1,0,5
4,131,0,1,0,6
4,81,0,1,0,7
4,522,0,2,1,0
4,380,0,2,1,1
4,101,0,2,1,2
4,121,0,2,1,3
4,108,0,2,1,4
4,242,0,2,1,5
4,105,0,2,1,6
4,28,0,2,1,7
4,58,0,2,0,0
4,44,0,2,0,1
4,24,0,2,0,2
4,23,0,2,0,3
4,33,0,2,0,4
4,56,0,2,0,5
4,17,0,2,0,6
4,2,0,2,0,7
4,902,0,0,1,0
4,1643,0,0,1,1
4,941,0,0,1,2
4,748,0,0,1,3
4,799,0,0,1,4
4,1720,0,0,1,5
4,884,0,0,1,6
4,422,0,0,1,7
4,54,0,0,0,0
4,129,0,0,0,1
4,109,0,0,0,2
4,125,0,0,0,3
4,166,0,0,0,4
4,318,0,0,0,5
4,136,0,0,0,6
4,79,0,0,0,7
4,6,0,4,1,0
4,255,0,4,1,1
4,214,0,4,1,2
4,243,0,4,1,3
4,330,0,4,1,4
4,761,0,4,1,5
4,452,0,4,1,6
4,230,0,4,1,7
4,0,0,4,0,0
4,45,0,4,0,1
4,57,0,4,0,2
4,88,0,4,0,3
4,126,0,4,0,4
4,314,0,4,0,5
4,164,0,4,0,6
4,74,0,4,0,7
4,11,0,3,1,0
4,135,0,3,1,1
4,217,0,3,1,2
4,147,0,3,1,3
4,127,0,3,1,4
4,222,0,3,1,5
4,142,0,3,1,6
4,30,0,3,1,7
4,3,0,3,0,0
4,13,0,3,0,1
4,24,0,3,0,2
4,24,0,3,0,3
4,7,0,3,0,4
4,23,0,3,0,5
4,19,0,3,0,6
4,6,0,3,0,7
4,724,2,1,1,0
4,799,2,1,1,1
4,532,2,1,1,2
4,417,2,1,1,3
4,365,2,1,1,4
4,586,2,1,1,5
4,252,2,1,1,6
4,104,2,1,1,7
4,94,2,1,0,0
4,86,2,1,0,1
4,58,2,1,0,2
4,58,2,1,0,3
4,44,2,1,0,4
4,91,2,1,0,5
4,60,2,1,0,6
4,23,2,1,0,7
4,180,2,2,1,0
4,152,2,2,1,1
4,37,2,2,1,2
4,37,2,2,1,3
4,41,2,2,1,4
4,69,2,2,1,5
4,45,2,2,1,6
4,13,2,2,1,7
4,17,2,2,0,0
4,14,2,2,0,1
4,7,2,2,0,2
4,8,2,2,0,3
4,3,2,2,0,4
4,18,2,2,0,5
4,5,2,2,0,6
4,0,2,2,0,7
4,471,2,0,1,0
4,680,2,0,1,1
4,329,2,0,1,2
4,299,2,0,1,3
4,282,2,0,1,4
4,553,2,0,1,5
4,246,2,0,1,6
4,109,2,0,1,7
4,24,2,0,0,0
4,45,2,0,0,1
4,31,2,0,0,2
4,20,2,0,0,3
4,31,2,0,0,4
4,68,2,0,0,5
4,28,2,0,0,6
4,19,2,0,0,7
4,2,2,4,1,0
4,77,2,4,1,1
4,63,2,4,1,2
4,58,2,4,1,3
4,62,2,4,1,4
4,176,2,4,1,5
4,106,2,4,1,6
4,62,2,4,1,7
4,0,2,4,0,0
4,9,2,4,0,1
4,7,2,4,0,2
4,16,2,4,0,3
4,22,2,4,0,4
4,58,2,4,0,5
4,22,2,4,0,6
4,11,2,4,0,7
4,12,2,3,1,0
4,72,2,3,1,1
4,88,2,3,1,2
4,82,2,3,1,3
4,59,2,3,1,4
4,99,2,3,1,5
4,63,2,3,1,6
4,4,2,3,1,7
4,1,2,3,0,0
4,3,2,3,0,1
4,6,2,3,0,2
4,8,2,3,0,3
4,1,2,3,0,4
4,12,2,3,0,5
4,4,2,3,0,6
4,1,2,3,0,7
4,448,3,1,1,0
4,507,3,1,1,1
4,343,3,1,1,2
4,221,3,1,1,3
4,204,3,1,1,4
4,285,3,1,1,5
4,101,3,1,1,6
4,33,3,1,1,7
4,45,3,1,0,0
4,42,3,1,0,1
4,24,3,1,0,2
4,22,3,1,0,3
4,28,3,1,0,4
4,54,3,1,0,5
4,22,3,1,0,6
4,4,3,1,0,7
4,96,3,2,1,0
4,57,3,2,1,1
4,17,3,2,1,2
4,23,3,2,1,3
4,17,3,2,1,4
4,34,3,2,1,5
4,13,3,2,1,6
4,4,3,2,1,7
4,4,3,2,0,0
4,8,3,2,0,1
4,0,3,2,0,2
4,4,3,2,0,3
4,2,3,2,0,4
4,4,3,2,0,5
4,1,3,2,0,6
4,0,3,2,0,7
4,250,3,0,1,0
4,392,3,0,1,1
4,180,3,0,1,2
4,127,3,0,1,3
4,121,3,0,1,4
4,183,3,0,1,5
4,79,3,0,1,6
4,26,3,0,1,7
4,11,3,0,0,0
4,12,3,0,0,1
4,9,3,0,0,2
4,9,3,0,0,3
4,9,3,0,0,4
4,16,3,0,0,5
4,10,3,0,0,6
4,1,3,0,0,7
4,0,3,4,1,0
4,30,3,4,1,1
4,22,3,4,1,2
4,29,3,4,1,3
4,20,3,4,1,4
4,74,3,4,1,5
4,22,3,4,1,6
4,18,3,4,1,7
4,0,3,4,0,0
4,0,3,4,0,1
4,1,3,4,0,2
4,3,3,4,0,3
4,9,3,4,0,4
4,13,3,4,0,5
4,6,3,4,0,6
4,3,3,4,0,7
4,9,3,3,1,0
4,39,3,3,1,1
4,51,3,3,1,2
4,46,3,3,1,3
4,33,3,3,1,4
4,57,3,3,1,5
4,19,3,3,1,6
4,3,3,3,1,7
4,0,3,3,0,0
4,5,3,3,0,1
4,5,3,3,0,2
4,5,3,3,0,3
4,7,3,3,0,4
4,5,3,3,0,5
4,3,3,3,0,6
4,0,3,3,0,7
4,1096,4,1,1,0
4,1210,4,1,1,1
4,697,4,1,1,2
4,508,4,1,1,3
4,368,4,1,1,4
4,463,4,1,1,5
4,131,4,1,1,6
4,29,4,1,1,7
4,62,4,1,0,0
4,65,4,1,0,1
4,66,4,1,0,2
4,35,4,1,0,3
4,43,4,1,0,4
4,53,4,1,0,5
4,27,4,1,0,6
4,5,4,1,0,7
4,130,4,2,1,0
4,80,4,2,1,1
4,30,4,2,1,2
4,19,4,2,1,3
4,17,4,2,1,4
4,31,4,2,1,5
4,9,4,2,1,6
4,4,4,2,1,7
4,6,4,2,0,0
4,5,4,2,0,1
4,4,4,2,0,2
4,2,4,2,0,3
4,3,4,2,0,4
4,10,4,2,0,5
4,2,4,2,0,6
4,1,4,2,0,7
4,501,4,0,1,0
4,627,4,0,1,1
4,264,4,0,1,2
4,207,4,0,1,3
4,177,4,0,1,4
4,269,4,0,1,5
4,60,4,0,1,6
4,33,4,0,1,7
4,8,4,0,0,0
4,25,4,0,0,1
4,14,4,0,0,2
4,6,4,0,0,3
4,11,4,0,0,4
4,22,4,0,0,5
4,9,4,0,0,6
4,3,4,0,0,7
4,1,4,4,1,0
4,33,4,4,1,1
4,32,4,4,1,2
4,29,4,4,1,3
4,15,4,4,1,4
4,49,4,4,1,5
4,27,4,4,1,6
4,9,4,4,1,7
4,0,4,4,0,0
4,1,4,4,0,1
4,4,4,4,0,2
4,4,4,4,0,3
4,3,4,4,0,4
4,7,4,4,0,5
4,4,4,4,0,6
4,1,4,4,0,7
4,22,4,3,1,0
4,102,4,3,1,1
4,114,4,3,1,2
4,75,4,3,1,3
4,52,4,3,1,4
4,79,4,3,1,5
4,37,4,3,1,6
4,1,4,3,1,7
4,0,4,3,0,0
4,10,4,3,0,1
4,4,4,3,0,2
4,6,4,3,0,3
4,4,4,3,0,4
4,3,4,3,0,5
4,2,4,3,0,6
4,1,4,3,0,7
4,571,1,1,1,0
4,709,1,1,1,1
4,385,1,1,1,2
4,244,1,1,1,3
4,147,1,1,1,4
4,152,1,1,1,5
4,25,1,1,1,6
4,4,1,1,1,7
4,17,1,1,0,0
4,19,1,1,0,1
4,20,1,1,0,2
4,15,1,1,0,3
4,11,1,1,0,4
4,20,1,1,0,5
4,6,1,1,0,6
4,2,1,1,0,7
4,30,1,2,1,0
4,23,1,2,1,1
4,11,1,2,1,2
4,4,1,2,1,3
4,6,1,2,1,4
4,4,1,2,1,5
4,2,1,2,1,6
4,1,1,2,1,7
4,0,1,2,0,0
4,2,1,2,0,1
4,0,1,2,0,2
4,0,1,2,0,3
4,1,1,2,0,4
4,0,1,2,0,5
4,0,1,2,0,6
4,0,1,2,0,7
4,172,1,0,1,0
4,209,1,0,1,1
4,76,1,0,1,2
4,62,1,0,1,3
4,41,1,0,1,4
4,36,1,0,1,5
4,20,1,0,1,6
4,2,1,0,1,7
4,1,1,0,0,0
4,3,1,0,0,1
4,5,1,0,0,2
4,4,1,0,0,3
4,0,1,0,0,4
4,6,1,0,0,5
4,3,1,0,0,6
4,1,1,0,0,7
4,0,1,4,1,0
4,8,1,4,1,1
4,8,1,4,1,2
4,8,1,4,1,3
4,8,1,4,1,4
4,15,1,4,1,5
4,4,1,4,1,6
4,0,1,4,1,7
4,0,1,4,0,0
4,0,1,4,0,1
4,1,1,4,0,2
4,0,1,4,0,3
4,0,1,4,0,4
4,1,1,4,0,5
4,0,1,4,0,6
4,0,1,4,0,7
4,13,1,3,1,0
4,64,1,3,1,1
4,60,1,3,1,2
4,31,1,3,1,3
4,40,1,3,1,4
4,34,1,3,1,5
4,9,1,3,1,6
4,1,1,3,1,7
4,0,1,3,0,0
4,2,1,3,0,1
4,2,1,3,0,2
4,1,1,3,0,3
4,1,1,3,0,4
4,3,1,3,0,5
4,0,1,3,0,6
4,0,1,3,0,7
5,2599,5,1,1,0
5,2614,5,1,1,1
5,2132,5,1,1,2
5,1808,5,1,1,3
5,1946,5,1,1,4
5,4208,5,1,1,5
5,3370,5,1,1,6
5,2602,5,1,1,7
5,950,5,1,0,0
5,760,5,1,0,1
5,612,5,1,0,2
5,513,5,1,0,3
5,557,5,1,0,4
5,1270,5,1,0,5
5,1122,5,1,0,6
5,1016,5,1,0,7
5,2044,5,2,1,0
5,1798,5,2,1,1
5,453,5,2,1,2
5,414,5,2,1,3
5,447,5,2,1,4
5,988,5,2,1,5
5,630,5,2,1,6
5,280,5,2,1,7
5,597,5,2,0,0
5,519,5,2,0,1
5,146,5,2,0,2
5,151,5,2,0,3
5,193,5,2,0,4
5,442,5,2,0,5
5,209,5,2,0,6
5,90,5,2,0,7
5,1809,5,0,1,0
5,4612,5,0,1,1
5,3091,5,0,1,2
5,2813,5,0,1,3
5,3251,5,0,1,4
5,7298,5,0,1,5
5,5155,5,0,1,6
5,3997,5,0,1,7
5,338,5,0,0,0
5,923,5,0,0,1
5,802,5,0,0,2
5,849,5,0,0,3
5,1184,5,0,0,4
5,2886,5,0,0,5
5,1717,5,0,0,6
5,1261,5,0,0,7
5,27,5,4,1,0
5,1339,5,4,1,1
5,1439,5,4,1,2
5,1495,5,4,1,3
5,1953,5,4,1,4
5,4378,5,4,1,5
5,3016,5,4,1,6
5,2621,5,4,1,7
5,18,5,4,0,0
5,610,5,4,0,1
5,743,5,4,0,2
5,1096,5,4,0,3
5,1480,5,4,0,4
5,3042,5,4,0,5
5,1926,5,4,0,6
5,1092,5,4,0,7
5,47,5,3,1,0
5,326,5,3,1,1
5,622,5,3,1,2
5,551,5,3,1,3
5,458,5,3,1,4
5,849,5,3,1,5
5,612,5,3,1,6
5,287,5,3,1,7
5,12,5,3,0,0
5,71,5,3,0,1
5,141,5,3,0,2
5,105,5,3,0,3
5,97,5,3,0,4
5,159,5,3,0,5
5,121,5,3,0,6
5,84,5,3,0,7
5,1205,0,1,1,0
5,1270,0,1,1,1
5,936,0,1,1,2
5,757,0,1,1,3
5,696,0,1,1,4
5,1340,0,1,1,5
5,701,0,1,1,6
5,349,0,1,1,7
5,182,0,1,0,0
5,209,0,1,0,1
5,149,0,1,0,2
5,113,0,1,0,3
5,113,0,1,0,4
5,261,0,1,0,5
5,147,0,1,0,6
5,78,0,1,0,7
5,558,0,2,1,0
5,422,0,2,1,1
5,132,0,2,1,2
5,104,0,2,1,3
5,137,0,2,1,4
5,263,0,2,1,5
5,137,0,2,1,6
5,43,0,2,1,7
5,44,0,2,0,0
5,53,0,2,0,1
5,27,0,2,0,2
5,21,0,2,0,3
5,28,0,2,0,4
5,73,0,2,0,5
5,22,0,2,0,6
5,6,0,2,0,7
5,837,0,0,1,0
5,1588,0,0,1,1
5,880,0,0,1,2
5,774,0,0,1,3
5,780,0,0,1,4
5,1655,0,0,1,5
5,931,0,0,1,6
5,427,0,0,1,7
5,66,0,0,0,0
5,164,0,0,0,1
5,100,0,0,0,2
5,141,0,0,0,3
5,146,0,0,0,4
5,331,0,0,0,5
5,179,0,0,0,6
5,79,0,0,0,7
5,9,0,4,1,0
5,256,0,4,1,1
5,292,0,4,1,2
5,245,0,4,1,3
5,311,0,4,1,4
5,862,0,4,1,5
5,514,0,4,1,6
5,285,0,4,1,7
5,2,0,4,0,0
5,50,0,4,0,1
5,62,0,4,0,2
5,92,0,4,0,3
5,150,0,4,0,4
5,384,0,4,0,5
5,170,0,4,0,6
5,82,0,4,0,7
5,14,0,3,1,0
5,110,0,3,1,1
5,172,0,3,1,2
5,134,0,3,1,3
5,121,0,3,1,4
5,208,0,3,1,5
5,144,0,3,1,6
5,40,0,3,1,7
5,2,0,3,0,0
5,13,0,3,0,1
5,16,0,3,0,2
5,20,0,3,0,3
5,13,0,3,0,4
5,28,0,3,0,5
5,21,0,3,0,6
5,1,0,3,0,7
5,700,2,1,1,0
5,775,2,1,1,1
5,560,2,1,1,2
5,383,2,1,1,3
5,363,2,1,1,4
5,589,2,1,1,5
5,213,2,1,1,6
5,88,2,1,1,7
5,74,2,1,0,0
5,73,2,1,0,1
5,67,2,1,0,2
5,53,2,1,0,3
5,53,2,1,0,4
5,84,2,1,0,5
5,52,2,1,0,6
5,21,2,1,0,7
5,182,2,2,1,0
5,133,2,2,1,1
5,33,2,2,1,2
5,36,2,2,1,3
5,51,2,2,1,4
5,80,2,2,1,5
5,40,2,2,1,6
5,11,2,2,1,7
5,12,2,2,0,0
5,14,2,2,0,1
5,12,2,2,0,2
5,4,2,2,0,3
5,8,2,2,0,4
5,8,2,2,0,5
5,3,2,2,0,6
5,2,2,2,0,7
5,389,2,0,1,0
5,686,2,0,1,1
5,319,2,0,1,2
5,282,2,0,1,3
5,243,2,0,1,4
5,503,2,0,1,5
5,241,2,0,1,6
5,93,2,0,1,7
5,26,2,0,0,0
5,61,2,0,0,1
5,31,2,0,0,2
5,26,2,0,0,3
5,23,2,0,0,4
5,63,2,0,0,5
5,23,2,0,0,6
5,14,2,0,0,7
5,5,2,4,1,0
5,74,2,4,1,1
5,64,2,4,1,2
5,67,2,4,1,3
5,72,2,4,1,4
5,189,2,4,1,5
5,109,2,4,1,6
5,60,2,4,1,7
5,0,2,4,0,0
5,17,2,4,0,1
5,14,2,4,0,2
5,18,2,4,0,3
5,20,2,4,0,4
5,53,2,4,0,5
5,26,2,4,0,6
5,12,2,4,0,7
5,8,2,3,1,0
5,44,2,3,1,1
5,76,2,3,1,2
5,68,2,3,1,3
5,53,2,3,1,4
5,88,2,3,1,5
5,55,2,3,1,6
5,12,2,3,1,7
5,1,2,3,0,0
5,4,2,3,0,1
5,9,2,3,0,2
5,8,2,3,0,3
5,2,2,3,0,4
5,10,2,3,0,5
5,6,2,3,0,6
5,3,2,3,0,7
5,379,3,1,1,0
5,479,3,1,1,1
5,319,3,1,1,2
5,233,3,1,1,3
5,216,3,1,1,4
5,271,3,1,1,5
5,120,3,1,1,6
5,35,3,1,1,7
5,32,3,1,0,0
5,43,3,1,0,1
5,22,3,1,0,2
5,26,3,1,0,3
5,24,3,1,0,4
5,44,3,1,0,5
5,17,3,1,0,6
5,7,3,1,0,7
5,70,3,2,1,0
5,48,3,2,1,1
5,30,3,2,1,2
5,16,3,2,1,3
5,13,3,2,1,4
5,30,3,2,1,5
5,9,3,2,1,6
5,4,3,2,1,7
5,4,3,2,0,0
5,6,3,2,0,1
5,2,3,2,0,2
5,3,3,2,0,3
5,1,3,2,0,4
5,10,3,2,0,5
5,0,3,2,0,6
5,3,3,2,0,7
5,246,3,0,1,0
5,364,3,0,1,1
5,158,3,0,1,2
5,125,3,0,1,3
5,105,3,0,1,4
5,191,3,0,1,5
5,84,3,0,1,6
5,39,3,0,1,7
5,13,3,0,0,0
5,21,3,0,0,1
5,10,3,0,0,2
5,6,3,0,0,3
5,11,3,0,0,4
5,17,3,0,0,5
5,8,3,0,0,6
5,4,3,0,0,7
5,1,3,4,1,0
5,38,3,4,1,1
5,31,3,4,1,2
5,21,3,4,1,3
5,27,3,4,1,4
5,46,3,4,1,5
5,27,3,4,1,6
5,16,3,4,1,7
5,0,3,4,0,0
5,4,3,4,0,1
5,2,3,4,0,2
5,9,3,4,0,3
5,2,3,4,0,4
5,8,3,4,0,5
5,6,3,4,0,6
5,5,3,4,0,7
5,2,3,3,1,0
5,31,3,3,1,1
5,40,3,3,1,2
5,44,3,3,1,3
5,34,3,3,1,4
5,39,3,3,1,5
5,29,3,3,1,6
5,2,3,3,1,7
5,0,3,3,0,0
5,4,3,3,0,1
5,2,3,3,0,2
5,2,3,3,0,3
5,2,3,3,0,4
5,7,3,3,0,5
5,3,3,3,0,6
5,0,3,3,0,7
5,922,4,1,1,0
5,1155,4,1,1,1
5,714,4,1,1,2
5,480,4,1,1,3
5,332,4,1,1,4
5,385,4,1,1,5
5,138,4,1,1,6
5,28,4,1,1,7
5,63,4,1,0,0
5,63,4,1,0,1
5,47,4,1,0,2
5,38,4,1,0,3
5,39,4,1,0,4
5,67,4,1,0,5
5,20,4,1,0,6
5,8,4,1,0,7
5,104,4,2,1,0
5,93,4,2,1,1
5,25,4,2,1,2
5,24,4,2,1,3
5,18,4,2,1,4
5,29,4,2,1,5
5,13,4,2,1,6
5,3,4,2,1,7
5,10,4,2,0,0
5,3,4,2,0,1
5,5,4,2,0,2
5,2,4,2,0,3
5,4,4,2,0,4
5,10,4,2,0,5
5,1,4,2,0,6
5,2,4,2,0,7
5,425,4,0,1,0
5,600,4,0,1,1
5,255,4,0,1,2
5,184,4,0,1,3
5,152,4,0,1,4
5,209,4,0,1,5
5,66,4,0,1,6
5,21,4,0,1,7
5,19,4,0,0,0
5,17,4,0,0,1
5,18,4,0,0,2
5,11,4,0,0,3
5,11,4,0,0,4
5,19,4,0,0,5
5,7,4,0,0,6
5,7,4,0,0,7
5,1,4,4,1,0
5,40,4,4,1,1
5,34,4,4,1,2
5,25,4,4,1,3
5,18,4,4,1,4
5,42,4,4,1,5
5,28,4,4,1,6
5,7,4,4,1,7
5,0,4,4,0,0
5,4,4,4,0,1
5,4,4,4,0,2
5,5,4,4,0,3
5,6,4,4,0,4
5,8,4,4,0,5
5,6,4,4,0,6
5,1,4,4,0,7
5,12,4,3,1,0
5,72,4,3,1,1
5,95,4,3,1,2
5,60,4,3,1,3
5,46,4,3,1,4
5,82,4,3,1,5
5,32,4,3,1,6
5,5,4,3,1,7
5,1,4,3,0,0
5,8,4,3,0,1
5,4,4,3,0,2
5,3,4,3,0,3
5,2,4,3,0,4
5,7,4,3,0,5
5,2,4,3,0,6
5,4,4,3,0,7
5,547,1,1,1,0
5,649,1,1,1,1
5,323,1,1,1,2
5,212,1,1,1,3
5,155,1,1,1,4
5,138,1,1,1,5
5,28,1,1,1,6
5,2,1,1,1,7
5,17,1,1,0,0
5,28,1,1,0,1
5,17,1,1,0,2
5,21,1,1,0,3
5,12,1,1,0,4
5,17,1,1,0,5
5,5,1,1,0,6
5,1,1,1,0,7
5,29,1,2,1,0
5,17,1,2,1,1
5,9,1,2,1,2
5,4,1,2,1,3
5,6,1,2,1,4
5,8,1,2,1,5
5,1,1,2,1,6
5,0,1,2,1,7
5,1,1,2,0,0
5,0,1,2,0,1
5,0,1,2,0,2
5,0,1,2,0,3
5,2,1,2,0,4
5,0,1,2,0,5
5,0,1,2,0,6
5,0,1,2,0,7
5,146,1,0,1,0
5,197,1,0,1,1
5,83,1,0,1,2
5,63,1,0,1,3
5,33,1,0,1,4
5,48,1,0,1,5
5,16,1,0,1,6
5,2,1,0,1,7
5,5,1,0,0,0
5,2,1,0,0,1
5,4,1,0,0,2
5,4,1,0,0,3
5,1,1,0,0,4
5,3,1,0,0,5
5,6,1,0,0,6
5,0,1,0,0,7
5,0,1,4,1,0
5,8,1,4,1,1
5,10,1,4,1,2
5,6,1,4,1,3
5,6,1,4,1,4
5,14,1,4,1,5
5,5,1,4,1,6
5,1,1,4,1,7
5,0,1,4,0,0
5,0,1,4,0,1
5,1,1,4,0,2
5,0,1,4,0,3
5,0,1,4,0,4
5,3,1,4,0,5
5,2,1,4,0,6
5,0,1,4,0,7
5,14,1,3,1,0
5,54,1,3,1,1
5,49,1,3,1,2
5,33,1,3,1,3
5,28,1,3,1,4
5,25,1,3,1,5
5,6,1,3,1,6
5,1,1,3,1,7
5,0,1,3,0,0
5,1,1,3,0,1
5,2,1,3,0,2
5,3,1,3,0,3
5,0,1,3,0,4
5,2,1,3,0,5
5,1,1,3,0,6
5,0,1,3,0,7
6,2657,5,1,1,0
6,2609,5,1,1,1
6,2477,5,1,1,2
6,1969,5,1,1,3
6,2024,5,1,1,4
6,4490,5,1,1,5
6,3412,5,1,1,6
6,2600,5,1,1,7
6,996,5,1,0,0
6,803,5,1,0,1
6,656,5,1,0,2
6,573,5,1,0,3
6,564,5,1,0,4
6,1387,5,1,0,5
6,1196,5,1,0,6
6,1088,5,1,0,7
6,2063,5,2,1,0
6,1891,5,2,1,1
6,535,5,2,1,2
6,404,5,2,1,3
6,476,5,2,1,4
6,1029,5,2,1,5
6,682,5,2,1,6
6,309,5,2,1,7
6,627,5,2,0,0
6,510,5,2,0,1
6,133,5,2,0,2
6,132,5,2,0,3
6,176,5,2,0,4
6,498,5,2,0,5
6,235,5,2,0,6
6,88,5,2,0,7
6,1821,5,0,1,0
6,4398,5,0,1,1
6,3211,5,0,1,2
6,2872,5,0,1,3
6,3237,5,0,1,4
6,7615,5,0,1,5
6,5548,5,0,1,6
6,3905,5,0,1,7
6,331,5,0,0,0
6,934,5,0,0,1
6,776,5,0,0,2
6,931,5,0,0,3
6,1131,5,0,0,4
6,2783,5,0,0,5
6,1774,5,0,0,6
6,1130,5,0,0,7
6,28,5,4,1,0
6,1386,5,4,1,1
6,1625,5,4,1,2
6,1532,5,4,1,3
6,1904,5,4,1,4
6,4614,5,4,1,5
6,3181,5,4,1,6
6,2343,5,4,1,7
6,20,5,4,0,0
6,566,5,4,0,1
6,790,5,4,0,2
6,950,5,4,0,3
6,1383,5,4,0,4
6,3199,5,4,0,5
6,2015,5,4,0,6
6,1206,5,4,0,7
6,36,5,3,1,0
6,346,5,3,1,1
6,628,5,3,1,2
6,635,5,3,1,3
6,524,5,3,1,4
6,885,5,3,1,5
6,690,5,3,1,6
6,324,5,3,1,7
6,20,5,3,0,0
6,101,5,3,0,1
6,139,5,3,0,2
6,136,5,3,0,3
6,87,5,3,0,4
6,179,5,3,0,5
6,129,5,3,0,6
6,68,5,3,0,7
6,1117,0,1,1,0
6,1231,0,1,1,1
6,980,0,1,1,2
6,793,0,1,1,3
6,749,0,1,1,4
6,1407,0,1,1,5
6,768,0,1,1,6
6,351,0,1,1,7
6,202,0,1,0,0
6,195,0,1,0,1
6,160,0,1,0,2
6,121,0,1,0,3
6,141,0,1,0,4
6,265,0,1,0,5
6,164,0,1,0,6
6,93,0,1,0,7
6,563,0,2,1,0
6,428,0,2,1,1
6,135,0,2,1,2
6,127,0,2,1,3
6,129,0,2,1,4
6,267,0,2,1,5
6,167,0,2,1,6
6,53,0,2,1,7
6,64,0,2,0,0
6,60,0,2,0,1
6,28,0,2,0,2
6,21,0,2,0,3
6,33,0,2,0,4
6,59,0,2,0,5
6,28,0,2,0,6
6,5,0,2,0,7
6,772,0,0,1,0
6,1542,0,0,1,1
6,900,0,0,1,2
6,727,0,0,1,3
6,833,0,0,1,4
6,1732,0,0,1,5
6,1078,0,0,1,6
6,464,0,0,1,7
6,53,0,0,0,0
6,171,0,0,0,1
6,119,0,0,0,2
6,110,0,0,0,3
6,152,0,0,0,4
6,351,0,0,0,5
6,215,0,0,0,6
6,82,0,0,0,7
6,10,0,4,1,0
6,271,0,4,1,1
6,286,0,4,1,2
6,264,0,4,1,3
6,319,0,4,1,4
6,929,0,4,1,5
6,623,0,4,1,6
6,288,0,4,1,7
6,2,0,4,0,0
6,55,0,4,0,1
6,70,0,4,0,2
6,88,0,4,0,3
6,149,0,4,0,4
6,380,0,4,0,5
6,213,0,4,0,6
6,113,0,4,0,7
6,10,0,3,1,0
6,85,0,3,1,1
6,178,0,3,1,2
6,163,0,3,1,3
6,113,0,3,1,4
6,201,0,3,1,5
6,153,0,3,1,6
6,41,0,3,1,7
6,1,0,3,0,0
6,13,0,3,0,1
6,15,0,3,0,2
6,13,0,3,0,3
6,20,0,3,0,4
6,31,0,3,0,5
6,17,0,3,0,6
6,15,0,3,0,7
6,641,2,1,1,0
6,708,2,1,1,1
6,474,2,1,1,2
6,377,2,1,1,3
6,319,2,1,1,4
6,532,2,1,1,5
6,269,2,1,1,6
6,102,2,1,1,7
6,73,2,1,0,0
6,76,2,1,0,1
6,64,2,1,0,2
6,41,2,1,0,3
6,46,2,1,0,4
6,84,2,1,0,5
6,53,2,1,0,6
6,22,2,1,0,7
6,178,2,2,1,0
6,138,2,2,1,1
6,48,2,2,1,2
6,39,2,2,1,3
6,38,2,2,1,4
6,72,2,2,1,5
6,44,2,2,1,6
6,4,2,2,1,7
6,17,2,2,0,0
6,14,2,2,0,1
6,9,2,2,0,2
6,5,2,2,0,3
6,7,2,2,0,4
6,7,2,2,0,5
6,4,2,2,0,6
6,3,2,2,0,7
6,368,2,0,1,0
6,642,2,0,1,1
6,367,2,0,1,2
6,268,2,0,1,3
6,257,2,0,1,4
6,514,2,0,1,5
6,280,2,0,1,6
6,114,2,0,1,7
6,16,2,0,0,0
6,45,2,0,0,1
6,24,2,0,0,2
6,29,2,0,0,3
6,28,2,0,0,4
6,76,2,0,0,5
6,36,2,0,0,6
6,17,2,0,0,7
6,1,2,4,1,0
6,96,2,4,1,1
6,73,2,4,1,2
6,69,2,4,1,3
6,79,2,4,1,4
6,161,2,4,1,5
6,134,2,4,1,6
6,57,2,4,1,7
6,0,2,4,0,0
6,10,2,4,0,1
6,10,2,4,0,2
6,19,2,4,0,3
6,17,2,4,0,4
6,48,2,4,0,5
6,36,2,4,0,6
6,10,2,4,0,7
6,9,2,3,1,0
6,38,2,3,1,1
6,78,2,3,1,2
6,68,2,3,1,3
6,41,2,3,1,4
6,72,2,3,1,5
6,66,2,3,1,6
6,9,2,3,1,7
6,0,2,3,0,0
6,6,2,3,0,1
6,7,2,3,0,2
6,9,2,3,0,3
6,2,2,3,0,4
6,8,2,3,0,5
6,10,2,3,0,6
6,0,2,3,0,7
6,371,3,1,1,0
6,488,3,1,1,1
6,311,3,1,1,2
6,214,3,1,1,3
6,194,3,1,1,4
6,266,3,1,1,5
6,85,3,1,1,6
6,39,3,1,1,7
6,39,3,1,0,0
6,31,3,1,0,1
6,30,3,1,0,2
6,20,3,1,0,3
6,18,3,1,0,4
6,35,3,1,0,5
6,18,3,1,0,6
6,9,3,1,0,7
6,81,3,2,1,0
6,59,3,2,1,1
6,22,3,2,1,2
6,18,3,2,1,3
6,20,3,2,1,4
6,24,3,2,1,5
6,16,3,2,1,6
6,3,3,2,1,7
6,4,3,2,0,0
6,6,3,2,0,1
6,2,3,2,0,2
6,5,3,2,0,3
6,2,3,2,0,4
6,6,3,2,0,5
6,0,3,2,0,6
6,1,3,2,0,7
6,190,3,0,1,0
6,323,3,0,1,1
6,160,3,0,1,2
6,107,3,0,1,3
6,104,3,0,1,4
6,199,3,0,1,5
6,93,3,0,1,6
6,38,3,0,1,7
6,9,3,0,0,0
6,16,3,0,0,1
6,6,3,0,0,2
6,6,3,0,0,3
6,11,3,0,0,4
6,24,3,0,0,5
6,14,3,0,0,6
6,6,3,0,0,7
6,1,3,4,1,0
6,32,3,4,1,1
6,30,3,4,1,2
6,32,3,4,1,3
6,24,3,4,1,4
6,64,3,4,1,5
6,43,3,4,1,6
6,14,3,4,1,7
6,0,3,4,0,0
6,4,3,4,0,1
6,3,3,4,0,2
6,2,3,4,0,3
6,9,3,4,0,4
6,11,3,4,0,5
6,6,3,4,0,6
6,5,3,4,0,7
6,8,3,3,1,0
6,27,3,3,1,1
6,46,3,3,1,2
6,33,3,3,1,3
6,26,3,3,1,4
6,39,3,3,1,5
6,36,3,3,1,6
6,1,3,3,1,7
6,1,3,3,0,0
6,4,3,3,0,1
6,4,3,3,0,2
6,4,3,3,0,3
6,1,3,3,0,4
6,3,3,3,0,5
6,3,3,3,0,6
6,3,3,3,0,7
6,875,4,1,1,0
6,1011,4,1,1,1
6,668,4,1,1,2
6,424,4,1,1,3
6,337,4,1,1,4
6,357,4,1,1,5
6,128,4,1,1,6
6,32,4,1,1,7
6,77,4,1,0,0
6,92,4,1,0,1
6,55,4,1,0,2
6,21,4,1,0,3
6,39,4,1,0,4
6,56,4,1,0,5
6,21,4,1,0,6
6,5,4,1,0,7
6,100,4,2,1,0
6,75,4,2,1,1
6,37,4,2,1,2
6,16,4,2,1,3
6,13,4,2,1,4
6,29,4,2,1,5
6,17,4,2,1,6
6,2,4,2,1,7
6,4,4,2,0,0
6,6,4,2,0,1
6,5,4,2,0,2
6,3,4,2,0,3
6,1,4,2,0,4
6,11,4,2,0,5
6,2,4,2,0,6
6,1,4,2,0,7
6,369,4,0,1,0
6,489,4,0,1,1
6,244,4,0,1,2
6,158,4,0,1,3
6,152,4,0,1,4
6,232,4,0,1,5
6,77,4,0,1,6
6,29,4,0,1,7
6,9,4,0,0,0
6,30,4,0,0,1
6,15,4,0,0,2
6,17,4,0,0,3
6,13,4,0,0,4
6,21,4,0,0,5
6,11,4,0,0,6
6,3,4,0,0,7
6,2,4,4,1,0
6,48,4,4,1,1
6,39,4,4,1,2
6,26,4,4,1,3
6,17,4,4,1,4
6,48,4,4,1,5
6,20,4,4,1,6
6,8,4,4,1,7
6,0,4,4,0,0
6,1,4,4,0,1
6,3,4,4,0,2
6,6,4,4,0,3
6,5,4,4,0,4
6,7,4,4,0,5
6,6,4,4,0,6
6,1,4,4,0,7
6,17,4,3,1,0
6,63,4,3,1,1
6,85,4,3,1,2
6,54,4,3,1,3
6,37,4,3,1,4
6,68,4,3,1,5
6,29,4,3,1,6
6,3,4,3,1,7
6,0,4,3,0,0
6,2,4,3,0,1
6,7,4,3,0,2
6,2,4,3,0,3
6,2,4,3,0,4
6,8,4,3,0,5
6,3,4,3,0,6
6,1,4,3,0,7
6,540,1,1,1,0
6,542,1,1,1,1
6,310,1,1,1,2
6,197,1,1,1,3
6,133,1,1,1,4
6,139,1,1,1,5
6,27,1,1,1,6
6,4,1,1,1,7
6,24,1,1,0,0
6,20,1,1,0,1
6,18,1,1,0,2
6,20,1,1,0,3
6,12,1,1,0,4
6,17,1,1,0,5
6,1,1,1,0,6
6,2,1,1,0,7
6,24,1,2,1,0
6,20,1,2,1,1
6,7,1,2,1,2
6,10,1,2,1,3
6,7,1,2,1,4
6,7,1,2,1,5
6,0,1,2,1,6
6,0,1,2,1,7
6,0,1,2,0,0
6,4,1,2,0,1
6,1,1,2,0,2
6,0,1,2,0,3
6,2,1,2,0,4
6,0,1,2,0,5
6,0,1,2,0,6
6,0,1,2,0,7
6,123,1,0,1,0
6,162,1,0,1,1
6,62,1,0,1,2
6,52,1,0,1,3
6,41,1,0,1,4
6,54,1,0,1,5
6,13,1,0,1,6
6,4,1,0,1,7
6,2,1,0,0,0
6,5,1,0,0,1
6,2,1,0,0,2
6,3,1,0,0,3
6,4,1,0,0,4
6,6,1,0,0,5
6,1,1,0,0,6
6,0,1,0,0,7
6,0,1,4,1,0
6,6,1,4,1,1
6,7,1,4,1,2
6,6,1,4,1,3
6,5,1,4,1,4
6,5,1,4,1,5
6,6,1,4,1,6
6,1,1,4,1,7
6,0,1,4,0,0
6,0,1,4,0,1
6,1,1,4,0,2
6,1,1,4,0,3
6,0,1,4,0,4
6,1,1,4,0,5
6,1,1,4,0,6
6,0,1,4,0,7
6,6,1,3,1,0
6,37,1,3,1,1
6,46,1,3,1,2
6,33,1,3,1,3
6,19,1,3,1,4
6,27,1,3,1,5
6,8,1,3,1,6
6,0,1,3,1,7
6,0,1,3,0,0
6,1,1,3,0,1
6,1,1,3,0,2
6,2,1,3,0,3
6,2,1,3,0,4
6,4,1,3,0,5
6,0,1,3,0,6
6,0,1,3,0,7
7,2162,5,1,1,0
7,2530,5,1,1,1
7,2285,5,1,1,2
7,1992,5,1,1,3
7,1934,5,1,1,4
7,4318,5,1,1,5
7,3414,5,1,1,6
7,2569,5,1,1,7
7,856,5,1,0,0
7,759,5,1,0,1
7,575,5,1,0,2
7,540,5,1,0,3
7,565,5,1,0,4
7,1271,5,1,0,5
7,1150,5,1,0,6
7,1018,5,1,0,7
7,1801,5,2,1,0
7,1767,5,2,1,1
7,585,5,2,1,2
7,408,5,2,1,3
7,449,5,2,1,4
7,1076,5,2,1,5
7,761,5,2,1,6
7,316,5,2,1,7
7,599,5,2,0,0
7,603,5,2,0,1
7,138,5,2,0,2
7,145,5,2,0,3
7,168,5,2,0,4
7,494,5,2,0,5
7,253,5,2,0,6
7,86,5,2,0,7
7,1484,5,0,1,0
7,4054,5,0,1,1
7,3249,5,0,1,2
7,2734,5,0,1,3
7,3113,5,0,1,4
7,7427,5,0,1,5
7,5777,5,0,1,6
7,4008,5,0,1,7
7,252,5,0,0,0
7,924,5,0,0,1
7,860,5,0,0,2
7,852,5,0,0,3
7,1040,5,0,0,4
7,2721,5,0,0,5
7,1795,5,0,0,6
7,1071,5,0,0,7
7,24,5,4,1,0
7,1246,5,4,1,1
7,1632,5,4,1,2
7,1607,5,4,1,3
7,1966,5,4,1,4
7,4853,5,4,1,5
7,3362,5,4,1,6
7,2613,5,4,1,7
7,10,5,4,0,0
7,656,5,4,0,1
7,904,5,4,0,2
7,960,5,4,0,3
7,1418,5,4,0,4
7,3339,5,4,0,5
7,2120,5,4,0,6
7,1259,5,4,0,7
7,42,5,3,1,0
7,303,5,3,1,1
7,662,5,3,1,2
7,616,5,3,1,3
7,550,5,3,1,4
7,973,5,3,1,5
7,705,5,3,1,6
7,319,5,3,1,7
7,12,5,3,0,0
7,84,5,3,0,1
7,144,5,3,0,2
7,134,5,3,0,3
7,100,5,3,0,4
7,218,5,3,0,5
7,130,5,3,0,6
7,90,5,3,0,7
7,915,0,1,1,0
7,1094,0,1,1,1
7,1015,0,1,1,2
7,768,0,1,1,3
7,665,0,1,1,4
7,1211,0,1,1,5
7,810,0,1,1,6
7,341,0,1,1,7
7,152,0,1,0,0
7,195,0,1,0,1
7,152,0,1,0,2
7,132,0,1,0,3
7,126,0,1,0,4
7,257,0,1,0,5
7,156,0,1,0,6
7,89,0,1,0,7
7,456,0,2,1,0
7,399,0,2,1,1
7,141,0,2,1,2
7,101,0,2,1,3
7,104,0,2,1,4
7,228,0,2,1,5
7,176,0,2,1,6
7,53,0,2,1,7
7,51,0,2,0,0
7,50,0,2,0,1
7,34,0,2,0,2
7,16,0,2,0,3
7,21,0,2,0,4
7,73,0,2,0,5
7,38,0,2,0,6
7,6,0,2,0,7
7,585,0,0,1,0
7,1335,0,0,1,1
7,942,0,0,1,2
7,735,0,0,1,3
7,799,0,0,1,4
7,1641,0,0,1,5
7,1160,0,0,1,6
7,451,0,0,1,7
7,43,0,0,0,0
7,142,0,0,0,1
7,129,0,0,0,2
7,103,0,0,0,3
7,143,0,0,0,4
7,347,0,0,0,5
7,182,0,0,0,6
7,81,0,0,0,7
7,2,0,4,1,0
7,232,0,4,1,1
7,266,0,4,1,2
7,259,0,4,1,3
7,306,0,4,1,4
7,869,0,4,1,5
7,620,0,4,1,6
7,287,0,4,1,7
7,1,0,4,0,0
7,53,0,4,0,1
7,87,0,4,0,2
7,110,0,4,0,3
7,125,0,4,0,4
7,331,0,4,0,5
7,196,0,4,0,6
7,94,0,4,0,7
7,10,0,3,1,0
7,77,0,3,1,1
7,137,0,3,1,2
7,179,0,3,1,3
7,102,0,3,1,4
7,224,0,3,1,5
7,165,0,3,1,6
7,29,0,3,1,7
7,0,0,3,0,0
7,9,0,3,0,1
7,20,0,3,0,2
7,23,0,3,0,3
7,18,0,3,0,4
7,26,0,3,0,5
7,27,0,3,0,6
7,7,0,3,0,7
7,521,2,1,1,0
7,632,2,1,1,1
7,472,2,1,1,2
7,380,2,1,1,3
7,325,2,1,1,4
7,497,2,1,1,5
7,263,2,1,1,6
7,71,2,1,1,7
7,85,2,1,0,0
7,65,2,1,0,1
7,62,2,1,0,2
7,53,2,1,0,3
7,47,2,1,0,4
7,81,2,1,0,5
7,59,2,1,0,6
7,22,2,1,0,7
7,173,2,2,1,0
7,144,2,2,1,1
7,54,2,2,1,2
7,31,2,2,1,3
7,34,2,2,1,4
7,80,2,2,1,5
7,36,2,2,1,6
7,7,2,2,1,7
7,13,2,2,0,0
7,12,2,2,0,1
7,7,2,2,0,2
7,4,2,2,0,3
7,5,2,2,0,4
7,20,2,2,0,5
7,6,2,2,0,6
7,4,2,2,0,7
7,312,2,0,1,0
7,617,2,0,1,1
7,360,2,0,1,2
7,240,2,0,1,3
7,248,2,0,1,4
7,481,2,0,1,5
7,287,2,0,1,6
7,96,2,0,1,7
7,13,2,0,0,0
7,39,2,0,0,1
7,33,2,0,0,2
7,34,2,0,0,3
7,33,2,0,0,4
7,58,2,0,0,5
7,34,2,0,0,6
7,5,2,0,0,7
7,3,2,4,1,0
7,76,2,4,1,1
7,77,2,4,1,2
7,66,2,4,1,3
7,63,2,4,1,4
7,179,2,4,1,5
7,128,2,4,1,6
7,57,2,4,1,7
7,0,2,4,0,0
7,6,2,4,0,1
7,14,2,4,0,2
7,12,2,4,0,3
7,20,2,4,0,4
7,49,2,4,0,5
7,28,2,4,0,6
7,10,2,4,0,7
7,10,2,3,1,0
7,37,2,3,1,1
7,85,2,3,1,2
7,74,2,3,1,3
7,42,2,3,1,4
7,57,2,3,1,5
7,44,2,3,1,6
7,5,2,3,1,7
7,0,2,3,0,0
7,4,2,3,0,1
7,7,2,3,0,2
7,5,2,3,0,3
7,5,2,3,0,4
7,6,2,3,0,5
7,6,2,3,0,6
7,1,2,3,0,7
7,347,3,1,1,0
7,396,3,1,1,1
7,304,3,1,1,2
7,210,3,1,1,3
7,174,3,1,1,4
7,234,3,1,1,5
7,105,3,1,1,6
7,36,3,1,1,7
7,33,3,1,0,0
7,47,3,1,0,1
7,32,3,1,0,2
7,12,3,1,0,3
7,12,3,1,0,4
7,36,3,1,0,5
7,18,3,1,0,6
7,4,3,1,0,7
7,94,3,2,1,0
7,63,3,2,1,1
7,25,3,2,1,2
7,18,3,2,1,3
7,15,3,2,1,4
7,32,3,2,1,5
7,14,3,2,1,6
7,2,3,2,1,7
7,6,3,2,0,0
7,5,3,2,0,1
7,3,3,2,0,2
7,3,3,2,0,3
7,2,3,2,0,4
7,2,3,2,0,5
7,2,3,2,0,6
7,0,3,2,0,7
7,144,3,0,1,0
7,247,3,0,1,1
7,144,3,0,1,2
7,93,3,0,1,3
7,76,3,0,1,4
7,196,3,0,1,5
7,97,3,0,1,6
7,27,3,0,1,7
7,7,3,0,0,0
7,8,3,0,0,1
7,14,3,0,0,2
7,10,3,0,0,3
7,5,3,0,0,4
7,17,3,0,0,5
7,7,3,0,0,6
7,5,3,0,0,7
7,0,3,4,1,0
7,18,3,4,1,1
7,25,3,4,1,2
7,17,3,4,1,3
7,14,3,4,1,4
7,66,3,4,1,5
7,40,3,4,1,6
7,8,3,4,1,7
7,0,3,4,0,0
7,2,3,4,0,1
7,3,3,4,0,2
7,4,3,4,0,3
7,8,3,4,0,4
7,11,3,4,0,5
7,3,3,4,0,6
7,4,3,4,0,7
7,4,3,3,1,0
7,20,3,3,1,1
7,35,3,3,1,2
7,35,3,3,1,3
7,22,3,3,1,4
7,35,3,3,1,5
7,20,3,3,1,6
7,4,3,3,1,7
7,1,3,3,0,0
7,1,3,3,0,1
7,3,3,3,0,2
7,2,3,3,0,3
7,2,3,3,0,4
7,4,3,3,0,5
7,4,3,3,0,6
7,1,3,3,0,7
7,756,4,1,1,0
7,933,4,1,1,1
7,620,4,1,1,2
7,359,4,1,1,3
7,318,4,1,1,4
7,400,4,1,1,5
7,110,4,1,1,6
7,27,4,1,1,7
7,63,4,1,0,0
7,96,4,1,0,1
7,53,4,1,0,2
7,43,4,1,0,3
7,30,4,1,0,4
7,50,4,1,0,5
7,17,4,1,0,6
7,4,4,1,0,7
7,84,4,2,1,0
7,71,4,2,1,1
7,26,4,2,1,2
7,17,4,2,1,3
7,12,4,2,1,4
7,17,4,2,1,5
7,12,4,2,1,6
7,3,4,2,1,7
7,3,4,2,0,0
7,10,4,2,0,1
7,2,4,2,0,2
7,3,4,2,0,3
7,2,4,2,0,4
7,10,4,2,0,5
7,1,4,2,0,6
7,1,4,2,0,7
7,295,4,0,1,0
7,426,4,0,1,1
7,223,4,0,1,2
7,129,4,0,1,3
7,140,4,0,1,4
7,197,4,0,1,5
7,71,4,0,1,6
7,24,4,0,1,7
7,12,4,0,0,0
7,21,4,0,0,1
7,16,4,0,0,2
7,13,4,0,0,3
7,8,4,0,0,4
7,11,4,0,0,5
7,14,4,0,0,6
7,2,4,0,0,7
7,0,4,4,1,0
7,33,4,4,1,1
7,30,4,4,1,2
7,20,4,4,1,3
7,19,4,4,1,4
7,34,4,4,1,5
7,21,4,4,1,6
7,6,4,4,1,7
7,0,4,4,0,0
7,3,4,4,0,1
7,0,4,4,0,2
7,2,4,4,0,3
7,7,4,4,0,4
7,8,4,4,0,5
7,12,4,4,0,6
7,3,4,4,0,7
7,9,4,3,1,0
7,47,4,3,1,1
7,71,4,3,1,2
7,58,4,3,1,3
7,37,4,3,1,4
7,73,4,3,1,5
7,30,4,3,1,6
7,0,4,3,1,7
7,0,4,3,0,0
7,2,4,3,0,1
7,5,4,3,0,2
7,7,4,3,0,3
7,3,4,3,0,4
7,8,4,3,0,5
7,3,4,3,0,6
7,0,4,3,0,7
7,514,1,1,1,0
7,543,1,1,1,1
7,305,1,1,1,2
7,177,1,1,1,3
7,138,1,1,1,4
7,145,1,1,1,5
7,21,1,1,1,6
7,3,1,1,1,7
7,17,1,1,0,0
7,27,1,1,0,1
7,21,1,1,0,2
7,13,1,1,0,3
7,11,1,1,0,4
7,16,1,1,0,5
7,2,1,1,0,6
7,0,1,1,0,7
7,31,1,2,1,0
7,24,1,2,1,1
7,7,1,2,1,2
7,8,1,2,1,3
7,3,1,2,1,4
7,7,1,2,1,5
7,5,1,2,1,6
7,0,1,2,1,7
7,1,1,2,0,0
7,1,1,2,0,1
7,0,1,2,0,2
7,0,1,2,0,3
7,0,1,2,0,4
7,2,1,2,0,5
7,1,1,2,0,6
7,0,1,2,0,7
7,98,1,0,1,0
7,151,1,0,1,1
7,83,1,0,1,2
7,48,1,0,1,3
7,38,1,0,1,4
7,53,1,0,1,5
7,16,1,0,1,6
7,4,1,0,1,7
7,4,1,0,0,0
7,2,1,0,0,1
7,3,1,0,0,2
7,4,1,0,0,3
7,3,1,0,0,4
7,7,1,0,0,5
7,3,1,0,0,6
7,1,1,0,0,7
7,1,1,4,1,0
7,10,1,4,1,1
7,6,1,4,1,2
7,8,1,4,1,3
7,4,1,4,1,4
7,4,1,4,1,5
7,7,1,4,1,6
7,0,1,4,1,7
7,0,1,4,0,0
7,0,1,4,0,1
7,1,1,4,0,2
7,1,1,4,0,3
7,1,1,4,0,4
7,0,1,4,0,5
7,1,1,4,0,6
7,1,1,4,0,7
7,9,1,3,1,0
7,31,1,3,1,1
7,50,1,3,1,2
7,32,1,3,1,3
7,22,1,3,1,4
7,31,1,3,1,5
7,10,1,3,1,6
7,1,1,3,1,7
7,1,1,3,0,0
7,1,1,3,0,1
7,2,1,3,0,2
7,3,1,3,0,3
7,1,1,3,0,4
7,1,1,3,0,5
7,0,1,3,0,6
7,0,1,3,0,7
8,2506,5,1,1,0
8,2396,5,1,1,1
8,2167,5,1,1,2
8,1836,5,1,1,3
8,1756,5,1,1,4
8,4020,5,1,1,5
8,3451,5,1,1,6
8,2656,5,1,1,7
8,790,5,1,0,0
8,750,5,1,0,1
8,585,5,1,0,2
8,498,5,1,0,3
8,486,5,1,0,4
8,1184,5,1,0,5
8,1108,5,1,0,6
8,1075,5,1,0,7
8,2559,5,2,1,0
8,1983,5,2,1,1
8,555,5,2,1,2
8,417,5,2,1,3
8,426,5,2,1,4
8,988,5,2,1,5
8,752,5,2,1,6
8,402,5,2,1,7
8,614,5,2,0,0
8,592,5,2,0,1
8,148,5,2,0,2
8,139,5,2,0,3
8,160,5,2,0,4
8,416,5,2,0,5
8,327,5,2,0,6
8,118,5,2,0,7
8,965,5,0,1,0
8,3479,5,0,1,1
8,3112,5,0,1,2
8,2602,5,0,1,3
8,2810,5,0,1,4
8,7028,5,0,1,5
8,6115,5,0,1,6
8,4060,5,0,1,7
8,132,5,0,0,0
8,830,5,0,0,1
8,881,5,0,0,2
8,784,5,0,0,3
8,1023,5,0,0,4
8,2606,5,0,0,5
8,1906,5,0,0,6
8,1162,5,0,0,7
8,23,5,4,1,0
8,1173,5,4,1,1
8,1644,5,4,1,2
8,1537,5,4,1,3
8,1758,5,4,1,4
8,4667,5,4,1,5
8,3551,5,4,1,6
8,2597,5,4,1,7
8,7,5,4,0,0
8,627,5,4,0,1
8,898,5,4,0,2
8,1003,5,4,0,3
8,1296,5,4,0,4
8,3143,5,4,0,5
8,2129,5,4,0,6
8,1369,5,4,0,7
8,53,5,3,1,0
8,294,5,3,1,1
8,627,5,3,1,2
8,676,5,3,1,3
8,554,5,3,1,4
8,972,5,3,1,5
8,737,5,3,1,6
8,297,5,3,1,7
8,14,5,3,0,0
8,83,5,3,0,1
8,139,5,3,0,2
8,143,5,3,0,3
8,118,5,3,0,4
8,197,5,3,0,5
8,180,5,3,0,6
8,68,5,3,0,7
8,1113,0,1,1,0
8,1125,0,1,1,1
8,899,0,1,1,2
8,721,0,1,1,3
8,596,0,1,1,4
8,1113,0,1,1,5
8,763,0,1,1,6
8,308,0,1,1,7
8,159,0,1,0,0
8,203,0,1,0,1
8,149,0,1,0,2
8,122,0,1,0,3
8,114,0,1,0,4
8,208,0,1,0,5
8,156,0,1,0,6
8,85,0,1,0,7
8,619,0,2,1,0
8,408,0,2,1,1
8,133,0,2,1,2
8,86,0,2,1,3
8,94,0,2,1,4
8,220,0,2,1,5
8,175,0,2,1,6
8,58,0,2,1,7
8,45,0,2,0,0
8,67,0,2,0,1
8,26,0,2,0,2
8,22,0,2,0,3
8,24,0,2,0,4
8,65,0,2,0,5
8,23,0,2,0,6
8,9,0,2,0,7
8,374,0,0,1,0
8,1233,0,0,1,1
8,925,0,0,1,2
8,663,0,0,1,3
8,688,0,0,1,4
8,1599,0,0,1,5
8,1175,0,0,1,6
8,497,0,0,1,7
8,23,0,0,0,0
8,125,0,0,0,1
8,135,0,0,0,2
8,112,0,0,0,3
8,114,0,0,0,4
8,291,0,0,0,5
8,198,0,0,0,6
8,80,0,0,0,7
8,6,0,4,1,0
8,229,0,4,1,1
8,280,0,4,1,2
8,226,0,4,1,3
8,283,0,4,1,4
8,771,0,4,1,5
8,594,0,4,1,6
8,292,0,4,1,7
8,3,0,4,0,0
8,64,0,4,0,1
8,61,0,4,0,2
8,87,0,4,0,3
8,118,0,4,0,4
8,306,0,4,0,5
8,204,0,4,0,6
8,79,0,4,0,7
8,16,0,3,1,0
8,78,0,3,1,1
8,144,0,3,1,2
8,135,0,3,1,3
8,105,0,3,1,4
8,174,0,3,1,5
8,148,0,3,1,6
8,44,0,3,1,7
8,4,0,3,0,0
8,1,0,3,0,1
8,24,0,3,0,2
8,22,0,3,0,3
8,11,0,3,0,4
8,23,0,3,0,5
8,18,0,3,0,6
8,7,0,3,0,7
8,605,2,1,1,0
8,623,2,1,1,1
8,476,2,1,1,2
8,310,2,1,1,3
8,317,2,1,1,4
8,422,2,1,1,5
8,236,2,1,1,6
8,93,2,1,1,7
8,75,2,1,0,0
8,82,2,1,0,1
8,64,2,1,0,2
8,46,2,1,0,3
8,33,2,1,0,4
8,76,2,1,0,5
8,32,2,1,0,6
8,25,2,1,0,7
8,185,2,2,1,0
8,135,2,2,1,1
8,49,2,2,1,2
8,45,2,2,1,3
8,40,2,2,1,4
8,69,2,2,1,5
8,49,2,2,1,6
8,9,2,2,1,7
8,8,2,2,0,0
8,10,2,2,0,1
8,3,2,2,0,2
8,7,2,2,0,3
8,6,2,2,0,4
8,9,2,2,0,5
8,9,2,2,0,6
8,2,2,2,0,7
8,175,2,0,1,0
8,455,2,0,1,1
8,308,2,0,1,2
8,228,2,0,1,3
8,249,2,0,1,4
8,452,2,0,1,5
8,307,2,0,1,6
8,106,2,0,1,7
8,9,2,0,0,0
8,34,2,0,0,1
8,30,2,0,0,2
8,25,2,0,0,3
8,22,2,0,0,4
8,64,2,0,0,5
8,34,2,0,0,6
8,2,2,0,0,7
8,2,2,4,1,0
8,65,2,4,1,1
8,79,2,4,1,2
8,66,2,4,1,3
8,50,2,4,1,4
8,154,2,4,1,5
8,115,2,4,1,6
8,50,2,4,1,7
8,0,2,4,0,0
8,9,2,4,0,1
8,8,2,4,0,2
8,11,2,4,0,3
8,18,2,4,0,4
8,48,2,4,0,5
8,27,2,4,0,6
8,10,2,4,0,7
8,5,2,3,1,0
8,33,2,3,1,1
8,72,2,3,1,2
8,61,2,3,1,3
8,42,2,3,1,4
8,73,2,3,1,5
8,48,2,3,1,6
8,7,2,3,1,7
8,0,2,3,0,0
8,1,2,3,0,1
8,5,2,3,0,2
8,4,2,3,0,3
8,6,2,3,0,4
8,2,2,3,0,5
8,8,2,3,0,6
8,1,2,3,0,7
8,375,3,1,1,0
8,454,3,1,1,1
8,262,3,1,1,2
8,229,3,1,1,3
8,192,3,1,1,4
8,225,3,1,1,5
8,116,3,1,1,6
8,28,3,1,1,7
8,31,3,1,0,0
8,53,3,1,0,1
8,35,3,1,0,2
8,18,3,1,0,3
8,21,3,1,0,4
8,41,3,1,0,5
8,18,3,1,0,6
8,4,3,1,0,7
8,90,3,2,1,0
8,51,3,2,1,1
8,14,3,2,1,2
8,11,3,2,1,3
8,7,3,2,1,4
8,26,3,2,1,5
8,9,3,2,1,6
8,2,3,2,1,7
8,7,3,2,0,0
8,8,3,2,0,1
8,0,3,2,0,2
8,2,3,2,0,3
8,4,3,2,0,4
8,5,3,2,0,5
8,5,3,2,0,6
8,0,3,2,0,7
8,77,3,0,1,0
8,232,3,0,1,1
8,159,3,0,1,2
8,97,3,0,1,3
8,75,3,0,1,4
8,178,3,0,1,5
8,97,3,0,1,6
8,30,3,0,1,7
8,0,3,0,0,0
8,21,3,0,0,1
8,11,3,0,0,2
8,8,3,0,0,3
8,10,3,0,0,4
8,18,3,0,0,5
8,6,3,0,0,6
8,8,3,0,0,7
8,1,3,4,1,0
8,22,3,4,1,1
8,25,3,4,1,2
8,26,3,4,1,3
8,23,3,4,1,4
8,49,3,4,1,5
8,37,3,4,1,6
8,17,3,4,1,7
8,0,3,4,0,0
8,1,3,4,0,1
8,7,3,4,0,2
8,4,3,4,0,3
8,2,3,4,0,4
8,9,3,4,0,5
8,8,3,4,0,6
8,2,3,4,0,7
8,7,3,3,1,0
8,20,3,3,1,1
8,29,3,3,1,2
8,40,3,3,1,3
8,30,3,3,1,4
8,41,3,3,1,5
8,20,3,3,1,6
8,3,3,3,1,7
8,0,3,3,0,0
8,3,3,3,0,1
8,1,3,3,0,2
8,4,3,3,0,3
8,6,3,3,0,4
8,2,3,3,0,5
8,1,3,3,0,6
8,1,3,3,0,7
8,846,4,1,1,0
8,986,4,1,1,1
8,622,4,1,1,2
8,384,4,1,1,3
8,303,4,1,1,4
8,321,4,1,1,5
8,149,4,1,1,6
8,37,4,1,1,7
8,57,4,1,0,0
8,77,4,1,0,1
8,45,4,1,0,2
8,41,4,1,0,3
8,26,4,1,0,4
8,45,4,1,0,5
8,16,4,1,0,6
8,9,4,1,0,7
8,134,4,2,1,0
8,93,4,2,1,1
8,34,4,2,1,2
8,17,4,2,1,3
8,12,4,2,1,4
8,24,4,2,1,5
8,12,4,2,1,6
8,4,4,2,1,7
8,3,4,2,0,0
8,5,4,2,0,1
8,2,4,2,0,2
8,3,4,2,0,3
8,5,4,2,0,4
8,5,4,2,0,5
8,2,4,2,0,6
8,0,4,2,0,7
8,143,4,0,1,0
8,347,4,0,1,1
8,240,4,0,1,2
8,130,4,0,1,3
8,142,4,0,1,4
8,187,4,0,1,5
8,97,4,0,1,6
8,29,4,0,1,7
8,4,4,0,0,0
8,12,4,0,0,1
8,14,4,0,0,2
8,15,4,0,0,3
8,10,4,0,0,4
8,12,4,0,0,5
8,11,4,0,0,6
8,5,4,0,0,7
8,0,4,4,1,0
8,35,4,4,1,1
8,37,4,4,1,2
8,26,4,4,1,3
8,19,4,4,1,4
8,37,4,4,1,5
8,30,4,4,1,6
8,6,4,4,1,7
8,0,4,4,0,0
8,2,4,4,0,1
8,3,4,4,0,2
8,3,4,4,0,3
8,4,4,4,0,4
8,7,4,4,0,5
8,5,4,4,0,6
8,1,4,4,0,7
8,19,4,3,1,0
8,50,4,3,1,1
8,76,4,3,1,2
8,66,4,3,1,3
8,41,4,3,1,4
8,60,4,3,1,5
8,27,4,3,1,6
8,1,4,3,1,7
8,0,4,3,0,0
8,3,4,3,0,1
8,3,4,3,0,2
8,6,4,3,0,3
8,4,4,3,0,4
8,4,4,3,0,5
8,1,4,3,0,6
8,2,4,3,0,7
8,471,1,1,1,0
8,583,1,1,1,1
8,327,1,1,1,2
8,173,1,1,1,3
8,127,1,1,1,4
8,129,1,1,1,5
8,21,1,1,1,6
8,6,1,1,1,7
8,19,1,1,0,0
8,19,1,1,0,1
8,26,1,1,0,2
8,8,1,1,0,3
8,9,1,1,0,4
8,14,1,1,0,5
8,2,1,1,0,6
8,2,1,1,0,7
8,27,1,2,1,0
8,28,1,2,1,1
8,8,1,2,1,2
8,6,1,2,1,3
8,3,1,2,1,4
8,7,1,2,1,5
8,1,1,2,1,6
8,0,1,2,1,7
8,1,1,2,0,0
8,1,1,2,0,1
8,0,1,2,0,2
8,0,1,2,0,3
8,0,1,2,0,4
8,4,1,2,0,5
8,1,1,2,0,6
8,0,1,2,0,7
8,30,1,0,1,0
8,102,1,0,1,1
8,58,1,0,1,2
8,35,1,0,1,3
8,22,1,0,1,4
8,51,1,0,1,5
8,13,1,0,1,6
8,2,1,0,1,7
8,0,1,0,0,0
8,4,1,0,0,1
8,2,1,0,0,2
8,2,1,0,0,3
8,3,1,0,0,4
8,4,1,0,0,5
8,3,1,0,0,6
8,2,1,0,0,7
8,0,1,4,1,0
8,7,1,4,1,1
8,4,1,4,1,2
8,8,1,4,1,3
8,2,1,4,1,4
8,6,1,4,1,5
8,6,1,4,1,6
8,1,1,4,1,7
8,0,1,4,0,0
8,0,1,4,0,1
8,0,1,4,0,2
8,1,1,4,0,3
8,1,1,4,0,4
8,2,1,4,0,5
8,0,1,4,0,6
8,1,1,4,0,7
8,13,1,3,1,0
8,33,1,3,1,1
8,46,1,3,1,2
8,34,1,3,1,3
8,15,1,3,1,4
8,24,1,3,1,5
8,6,1,3,1,6
8,1,1,3,1,7
8,0,1,3,0,0
8,0,1,3,0,1
8,0,1,3,0,2
8,2,1,3,0,3
8,0,1,3,0,4
8,3,1,3,0,5
8,0,1,3,0,6
8,0,1,3,0,7
9,2401,5,1,1,0
9,2376,5,1,1,1
9,1968,5,1,1,2
9,1728,5,1,1,3
9,1559,5,1,1,4
9,3481,5,1,1,5
9,3181,5,1,1,6
9,2376,5,1,1,7
9,677,5,1,0,0
9,712,5,1,0,1
9,527,5,1,0,2
9,466,5,1,0,3
9,481,5,1,0,4
9,1001,5,1,0,5
9,990,5,1,0,6
9,1069,5,1,0,7
9,2776,5,2,1,0
9,1977,5,2,1,1
9,598,5,2,1,2
9,382,5,2,1,3
9,374,5,2,1,4
9,828,5,2,1,5
9,708,5,2,1,6
9,371,5,2,1,7
9,558,5,2,0,0
9,637,5,2,0,1
9,153,5,2,0,2
9,119,5,2,0,3
9,129,5,2,0,4
9,369,5,2,0,5
9,300,5,2,0,6
9,98,5,2,0,7
9,1035,5,0,1,0
9,3373,5,0,1,1
9,3064,5,0,1,2
9,2389,5,0,1,3
9,2532,5,0,1,4
9,6142,5,0,1,5
9,5685,5,0,1,6
9,3790,5,0,1,7
9,114,5,0,0,0
9,723,5,0,0,1
9,755,5,0,0,2
9,734,5,0,0,3
9,813,5,0,0,4
9,2203,5,0,0,5
9,1895,5,0,0,6
9,1139,5,0,0,7
9,21,5,4,1,0
9,1101,5,4,1,1
9,1502,5,4,1,2
9,1394,5,4,1,3
9,1625,5,4,1,4
9,3992,5,4,1,5
9,3351,5,4,1,6
9,2553,5,4,1,7
9,7,5,4,0,0
9,550,5,4,0,1
9,932,5,4,0,2
9,928,5,4,0,3
9,1172,5,4,0,4
9,2799,5,4,0,5
9,2087,5,4,0,6
9,1299,5,4,0,7
9,54,5,3,1,0
9,332,5,3,1,1
9,631,5,3,1,2
9,694,5,3,1,3
9,548,5,3,1,4
9,882,5,3,1,5
9,677,5,3,1,6
9,319,5,3,1,7
9,22,5,3,0,0
9,69,5,3,0,1
9,163,5,3,0,2
9,161,5,3,0,3
9,113,5,3,0,4
9,213,5,3,0,5
9,121,5,3,0,6
9,85,5,3,0,7
9,1073,0,1,1,0
9,1155,0,1,1,1
9,933,0,1,1,2
9,700,0,1,1,3
9,624,0,1,1,4
9,1009,0,1,1,5
9,650,0,1,1,6
9,338,0,1,1,7
9,131,0,1,0,0
9,198,0,1,0,1
9,140,0,1,0,2
9,126,0,1,0,3
9,100,0,1,0,4
9,190,0,1,0,5
9,143,0,1,0,6
9,70,0,1,0,7
9,683,0,2,1,0
9,474,0,2,1,1
9,162,0,2,1,2
9,111,0,2,1,3
9,98,0,2,1,4
9,209,0,2,1,5
9,161,0,2,1,6
9,59,0,2,1,7
9,48,0,2,0,0
9,59,0,2,0,1
9,17,0,2,0,2
9,16,0,2,0,3
9,24,0,2,0,4
9,47,0,2,0,5
9,23,0,2,0,6
9,8,0,2,0,7
9,406,0,0,1,0
9,1111,0,0,1,1
9,834,0,0,1,2
9,655,0,0,1,3
9,598,0,0,1,4
9,1314,0,0,1,5
9,1048,0,0,1,6
9,430,0,0,1,7
9,21,0,0,0,0
9,106,0,0,0,1
9,132,0,0,0,2
9,100,0,0,0,3
9,121,0,0,0,4
9,259,0,0,0,5
9,209,0,0,0,6
9,69,0,0,0,7
9,5,0,4,1,0
9,183,0,4,1,1
9,268,0,4,1,2
9,251,0,4,1,3
9,244,0,4,1,4
9,673,0,4,1,5
9,516,0,4,1,6
9,273,0,4,1,7
9,0,0,4,0,0
9,53,0,4,0,1
9,92,0,4,0,2
9,96,0,4,0,3
9,110,0,4,0,4
9,273,0,4,0,5
9,204,0,4,0,6
9,69,0,4,0,7
9,14,0,3,1,0
9,82,0,3,1,1
9,163,0,3,1,2
9,140,0,3,1,3
9,120,0,3,1,4
9,184,0,3,1,5
9,149,0,3,1,6
9,45,0,3,1,7
9,1,0,3,0,0
9,6,0,3,0,1
9,17,0,3,0,2
9,17,0,3,0,3
9,16,0,3,0,4
9,17,0,3,0,5
9,15,0,3,0,6
9,9,0,3,0,7
9,553,2,1,1,0
9,645,2,1,1,1
9,496,2,1,1,2
9,364,2,1,1,3
9,321,2,1,1,4
9,429,2,1,1,5
9,243,2,1,1,6
9,80,2,1,1,7
9,38,2,1,0,0
9,86,2,1,0,1
9,61,2,1,0,2
9,57,2,1,0,3
9,48,2,1,0,4
9,71,2,1,0,5
9,42,2,1,0,6
9,18,2,1,0,7
9,207,2,2,1,0
9,174,2,2,1,1
9,58,2,2,1,2
9,33,2,2,1,3
9,27,2,2,1,4
9,53,2,2,1,5
9,31,2,2,1,6
9,18,2,2,1,7
9,11,2,2,0,0
9,15,2,2,0,1
9,5,2,2,0,2
9,5,2,2,0,3
9,10,2,2,0,4
9,17,2,2,0,5
9,4,2,2,0,6
9,3,2,2,0,7
9,178,2,0,1,0
9,428,2,0,1,1
9,326,2,0,1,2
9,200,2,0,1,3
9,225,2,0,1,4
9,388,2,0,1,5
9,265,2,0,1,6
9,89,2,0,1,7
9,2,2,0,0,0
9,31,2,0,0,1
9,29,2,0,0,2
9,25,2,0,0,3
9,28,2,0,0,4
9,58,2,0,0,5
9,29,2,0,0,6
9,12,2,0,0,7
9,2,2,4,1,0
9,72,2,4,1,1
9,80,2,4,1,2
9,70,2,4,1,3
9,48,2,4,1,4
9,130,2,4,1,5
9,112,2,4,1,6
9,53,2,4,1,7
9,0,2,4,0,0
9,9,2,4,0,1
9,14,2,4,0,2
9,14,2,4,0,3
9,13,2,4,0,4
9,46,2,4,0,5
9,20,2,4,0,6
9,13,2,4,0,7
9,5,2,3,1,0
9,27,2,3,1,1
9,74,2,3,1,2
9,75,2,3,1,3
9,45,2,3,1,4
9,71,2,3,1,5
9,64,2,3,1,6
9,8,2,3,1,7
9,1,2,3,0,0
9,0,2,3,0,1
9,8,2,3,0,2
9,3,2,3,0,3
9,6,2,3,0,4
9,10,2,3,0,5
9,7,2,3,0,6
9,1,2,3,0,7
9,403,3,1,1,0
9,407,3,1,1,1
9,293,3,1,1,2
9,205,3,1,1,3
9,155,3,1,1,4
9,247,3,1,1,5
9,101,3,1,1,6
9,32,3,1,1,7
9,30,3,1,0,0
9,40,3,1,0,1
9,35,3,1,0,2
9,24,3,1,0,3
9,13,3,1,0,4
9,42,3,1,0,5
9,20,3,1,0,6
9,8,3,1,0,7
9,116,3,2,1,0
9,63,3,2,1,1
9,24,3,2,1,2
9,17,3,2,1,3
9,10,3,2,1,4
9,26,3,2,1,5
9,11,3,2,1,6
9,4,3,2,1,7
9,5,3,2,0,0
9,3,3,2,0,1
9,1,3,2,0,2
9,3,3,2,0,3
9,3,3,2,0,4
9,4,3,2,0,5
9,7,3,2,0,6
9,1,3,2,0,7
9,72,3,0,1,0
9,230,3,0,1,1
9,136,3,0,1,2
9,94,3,0,1,3
9,88,3,0,1,4
9,137,3,0,1,5
9,90,3,0,1,6
9,44,3,0,1,7
9,2,3,0,0,0
9,10,3,0,0,1
9,12,3,0,0,2
9,7,3,0,0,3
9,11,3,0,0,4
9,15,3,0,0,5
9,12,3,0,0,6
9,4,3,0,0,7
9,2,3,4,1,0
9,32,3,4,1,1
9,29,3,4,1,2
9,32,3,4,1,3
9,17,3,4,1,4
9,48,3,4,1,5
9,31,3,4,1,6
9,17,3,4,1,7
9,1,3,4,0,0
9,5,3,4,0,1
9,3,3,4,0,2
9,3,3,4,0,3
9,4,3,4,0,4
9,13,3,4,0,5
9,1,3,4,0,6
9,2,3,4,0,7
9,8,3,3,1,0
9,15,3,3,1,1
9,43,3,3,1,2
9,54,3,3,1,3
9,24,3,3,1,4
9,32,3,3,1,5
9,24,3,3,1,6
9,5,3,3,1,7
9,0,3,3,0,0
9,3,3,3,0,1
9,1,3,3,0,2
9,4,3,3,0,3
9,4,3,3,0,4
9,4,3,3,0,5
9,3,3,3,0,6
9,1,3,3,0,7
9,818,4,1,1,0
9,1043,4,1,1,1
9,623,4,1,1,2
9,372,4,1,1,3
9,336,4,1,1,4
9,343,4,1,1,5
9,129,4,1,1,6
9,37,4,1,1,7
9,40,4,1,0,0
9,78,4,1,0,1
9,50,4,1,0,2
9,46,4,1,0,3
9,26,4,1,0,4
9,61,4,1,0,5
9,18,4,1,0,6
9,6,4,1,0,7
9,145,4,2,1,0
9,100,4,2,1,1
9,34,4,2,1,2
9,25,4,2,1,3
9,15,4,2,1,4
9,21,4,2,1,5
9,10,4,2,1,6
9,6,4,2,1,7
9,6,4,2,0,0
9,8,4,2,0,1
9,3,4,2,0,2
9,5,4,2,0,3
9,5,4,2,0,4
9,3,4,2,0,5
9,5,4,2,0,6
9,0,4,2,0,7
9,118,4,0,1,0
9,310,4,0,1,1
9,222,4,0,1,2
9,126,4,0,1,3
9,129,4,0,1,4
9,210,4,0,1,5
9,100,4,0,1,6
9,35,4,0,1,7
9,5,4,0,0,0
9,13,4,0,0,1
9,12,4,0,0,2
9,11,4,0,0,3
9,8,4,0,0,4
9,21,4,0,0,5
9,13,4,0,0,6
9,10,4,0,0,7
9,0,4,4,1,0
9,47,4,4,1,1
9,38,4,4,1,2
9,28,4,4,1,3
9,20,4,4,1,4
9,36,4,4,1,5
9,27,4,4,1,6
9,4,4,4,1,7
9,0,4,4,0,0
9,2,4,4,0,1
9,6,4,4,0,2
9,4,4,4,0,3
9,3,4,4,0,4
9,7,4,4,0,5
9,7,4,4,0,6
9,3,4,4,0,7
9,8,4,3,1,0
9,48,4,3,1,1
9,77,4,3,1,2
9,73,4,3,1,3
9,39,4,3,1,4
9,58,4,3,1,5
9,31,4,3,1,6
9,4,4,3,1,7
9,0,4,3,0,0
9,4,4,3,0,1
9,9,4,3,0,2
9,6,4,3,0,3
9,7,4,3,0,4
9,2,4,3,0,5
9,1,4,3,0,6
9,2,4,3,0,7
9,397,1,1,1,0
9,537,1,1,1,1
9,335,1,1,1,2
9,173,1,1,1,3
9,118,1,1,1,4
9,126,1,1,1,5
9,33,1,1,1,6
9,4,1,1,1,7
9,20,1,1,0,0
9,18,1,1,0,1
9,17,1,1,0,2
9,13,1,1,0,3
9,10,1,1,0,4
9,11,1,1,0,5
9,4,1,1,0,6
9,0,1,1,0,7
9,33,1,2,1,0
9,34,1,2,1,1
9,5,1,2,1,2
9,5,1,2,1,3
9,6,1,2,1,4
9,8,1,2,1,5
9,0,1,2,1,6
9,0,1,2,1,7
9,2,1,2,0,0
9,0,1,2,0,1
9,0,1,2,0,2
9,1,1,2,0,3
9,0,1,2,0,4
9,1,1,2,0,5
9,2,1,2,0,6
9,0,1,2,0,7
9,30,1,0,1,0
9,102,1,0,1,1
9,53,1,0,1,2
9,33,1,0,1,3
9,23,1,0,1,4
9,44,1,0,1,5
9,13,1,0,1,6
9,3,1,0,1,7
9,3,1,0,0,0
9,0,1,0,0,1
9,1,1,0,0,2
9,0,1,0,0,3
9,3,1,0,0,4
9,4,1,0,0,5
9,2,1,0,0,6
9,1,1,0,0,7
9,0,1,4,1,0
9,8,1,4,1,1
9,9,1,4,1,2
9,4,1,4,1,3
9,5,1,4,1,4
9,4,1,4,1,5
9,7,1,4,1,6
9,2,1,4,1,7
9,0,1,4,0,0
9,0,1,4,0,1
9,0,1,4,0,2
9,1,1,4,0,3
9,1,1,4,0,4
9,3,1,4,0,5
9,2,1,4,0,6
9,0,1,4,0,7
9,12,1,3,1,0
9,31,1,3,1,1
9,36,1,3,1,2
9,38,1,3,1,3
9,12,1,3,1,4
9,26,1,3,1,5
9,6,1,3,1,6
9,1,1,3,1,7
9,0,1,3,0,0
9,3,1,3,0,1
9,1,1,3,0,2
9,2,1,3,0,3
9,3,1,3,0,4
9,2,1,3,0,5
9,0,1,3,0,6
9,0,1,3,0,7
10,2584,5,1,1,0
10,2599,5,1,1,1
10,2180,5,1,1,2
10,1838,5,1,1,3
10,1623,5,1,1,4
10,3396,5,1,1,5
10,3004,5,1,1,6
10,2348,5,1,1,7
10,702,5,1,0,0
10,801,5,1,0,1
10,622,5,1,0,2
10,532,5,1,0,3
10,478,5,1,0,4
10,977,5,1,0,5
10,897,5,1,0,6
10,1027,5,1,0,7
10,2729,5,2,1,0
10,2157,5,2,1,1
10,641,5,2,1,2
10,414,5,2,1,3
10,355,5,2,1,4
10,790,5,2,1,5
10,682,5,2,1,6
10,357,5,2,1,7
10,592,5,2,0,0
10,678,5,2,0,1
10,151,5,2,0,2
10,120,5,2,0,3
10,148,5,2,0,4
10,341,5,2,0,5
10,289,5,2,0,6
10,102,5,2,0,7
10,970,5,0,1,0
10,3044,5,0,1,1
10,3024,5,0,1,2
10,2315,5,0,1,3
10,2301,5,0,1,4
10,5491,5,0,1,5
10,5257,5,0,1,6
10,3842,5,0,1,7
10,91,5,0,0,0
10,568,5,0,0,1
10,769,5,0,0,2
10,683,5,0,0,3
10,724,5,0,0,4
10,1911,5,0,0,5
10,1744,5,0,0,6
10,1105,5,0,0,7
10,33,5,4,1,0
10,1094,5,4,1,1
10,1545,5,4,1,2
10,1350,5,4,1,3
10,1336,5,4,1,4
10,3532,5,4,1,5
10,3021,5,4,1,6
10,2465,5,4,1,7
10,9,5,4,0,0
10,539,5,4,0,1
10,873,5,4,0,2
10,842,5,4,0,3
10,970,5,4,0,4
10,2356,5,4,0,5
10,1794,5,4,0,6
10,1220,5,4,0,7
10,68,5,3,1,0
10,350,5,3,1,1
10,738,5,3,1,2
10,819,5,3,1,3
10,624,5,3,1,4
10,948,5,3,1,5
10,673,5,3,1,6
10,366,5,3,1,7
10,19,5,3,0,0
10,72,5,3,0,1
10,223,5,3,0,2
10,206,5,3,0,3
10,130,5,3,0,4
10,205,5,3,0,5
10,125,5,3,0,6
10,94,5,3,0,7
10,1126,0,1,1,0
10,1292,0,1,1,1
10,986,0,1,1,2
10,803,0,1,1,3
10,657,0,1,1,4
10,1111,0,1,1,5
10,753,0,1,1,6
10,324,0,1,1,7
10,159,0,1,0,0
10,226,0,1,0,1
10,174,0,1,0,2
10,149,0,1,0,3
10,101,0,1,0,4
10,191,0,1,0,5
10,141,0,1,0,6
10,93,0,1,0,7
10,704,0,2,1,0
10,511,0,2,1,1
10,211,0,2,1,2
10,99,0,2,1,3
10,83,0,2,1,4
10,168,0,2,1,5
10,155,0,2,1,6
10,55,0,2,1,7
10,68,0,2,0,0
10,71,0,2,0,1
10,32,0,2,0,2
10,24,0,2,0,3
10,24,0,2,0,4
10,37,0,2,0,5
10,29,0,2,0,6
10,9,0,2,0,7
10,415,0,0,1,0
10,1087,0,0,1,1
10,941,0,0,1,2
10,700,0,0,1,3
10,609,0,0,1,4
10,1296,0,0,1,5
10,1078,0,0,1,6
10,481,0,0,1,7
10,16,0,0,0,0
10,108,0,0,0,1
10,136,0,0,0,2
10,122,0,0,0,3
10,107,0,0,0,4
10,243,0,0,0,5
10,206,0,0,0,6
10,82,0,0,0,7
10,5,0,4,1,0
10,244,0,4,1,1
10,301,0,4,1,2
10,245,0,4,1,3
10,264,0,4,1,4
10,619,0,4,1,5
10,528,0,4,1,6
10,246,0,4,1,7
10,1,0,4,0,0
10,68,0,4,0,1
10,83,0,4,0,2
10,76,0,4,0,3
10,111,0,4,0,4
10,239,0,4,0,5
10,200,0,4,0,6
10,77,0,4,0,7
10,20,0,3,1,0
10,88,0,3,1,1
10,184,0,3,1,2
10,219,0,3,1,3
10,157,0,3,1,4
10,202,0,3,1,5
10,152,0,3,1,6
10,55,0,3,1,7
10,3,0,3,0,0
10,8,0,3,0,1
10,18,0,3,0,2
10,21,0,3,0,3
10,25,0,3,0,4
10,26,0,3,0,5
10,18,0,3,0,6
10,9,0,3,0,7
10,591,2,1,1,0
10,728,2,1,1,1
10,570,2,1,1,2
10,386,2,1,1,3
10,314,2,1,1,4
10,489,2,1,1,5
10,272,2,1,1,6
10,83,2,1,1,7
10,85,2,1,0,0
10,126,2,1,0,1
10,79,2,1,0,2
10,42,2,1,0,3
10,47,2,1,0,4
10,97,2,1,0,5
10,48,2,1,0,6
10,19,2,1,0,7
10,280,2,2,1,0
10,172,2,2,1,1
10,87,2,2,1,2
10,48,2,2,1,3
10,41,2,2,1,4
10,66,2,2,1,5
10,40,2,2,1,6
10,10,2,2,1,7
10,20,2,2,0,0
10,20,2,2,0,1
10,9,2,2,0,2
10,5,2,2,0,3
10,8,2,2,0,4
10,11,2,2,0,5
10,5,2,2,0,6
10,3,2,2,0,7
10,203,2,0,1,0
10,470,2,0,1,1
10,370,2,0,1,2
10,258,2,0,1,3
10,198,2,0,1,4
10,394,2,0,1,5
10,339,2,0,1,6
10,121,2,0,1,7
10,6,2,0,0,0
10,33,2,0,0,1
10,30,2,0,0,2
10,27,2,0,0,3
10,36,2,0,0,4
10,54,2,0,0,5
10,45,2,0,0,6
10,16,2,0,0,7
10,2,2,4,1,0
10,75,2,4,1,1
10,98,2,4,1,2
10,64,2,4,1,3
10,70,2,4,1,4
10,121,2,4,1,5
10,111,2,4,1,6
10,57,2,4,1,7
10,0,2,4,0,0
10,12,2,4,0,1
10,19,2,4,0,2
10,13,2,4,0,3
10,16,2,4,0,4
10,40,2,4,0,5
10,18,2,4,0,6
10,9,2,4,0,7
10,6,2,3,1,0
10,31,2,3,1,1
10,72,2,3,1,2
10,75,2,3,1,3
10,52,2,3,1,4
10,87,2,3,1,5
10,38,2,3,1,6
10,13,2,3,1,7
10,0,2,3,0,0
10,3,2,3,0,1
10,9,2,3,0,2
10,12,2,3,0,3
10,6,2,3,0,4
10,8,2,3,0,5
10,4,2,3,0,6
10,2,2,3,0,7
10,378,3,1,1,0
10,470,3,1,1,1
10,375,3,1,1,2
10,225,3,1,1,3
10,171,3,1,1,4
10,265,3,1,1,5
10,116,3,1,1,6
10,32,3,1,1,7
10,35,3,1,0,0
10,51,3,1,0,1
10,38,3,1,0,2
10,37,3,1,0,3
10,22,3,1,0,4
10,40,3,1,0,5
10,25,3,1,0,6
10,14,3,1,0,7
10,105,3,2,1,0
10,87,3,2,1,1
10,43,3,2,1,2
10,19,3,2,1,3
10,13,3,2,1,4
10,25,3,2,1,5
10,15,3,2,1,6
10,4,3,2,1,7
10,6,3,2,0,0
10,9,3,2,0,1
10,2,3,2,0,2
10,2,3,2,0,3
10,2,3,2,0,4
10,6,3,2,0,5
10,2,3,2,0,6
10,0,3,2,0,7
10,113,3,0,1,0
10,229,3,0,1,1
10,162,3,0,1,2
10,99,3,0,1,3
10,97,3,0,1,4
10,173,3,0,1,5
10,124,3,0,1,6
10,41,3,0,1,7
10,3,3,0,0,0
10,16,3,0,0,1
10,20,3,0,0,2
10,7,3,0,0,3
10,10,3,0,0,4
10,17,3,0,0,5
10,11,3,0,0,6
10,6,3,0,0,7
10,1,3,4,1,0
10,34,3,4,1,1
10,42,3,4,1,2
10,30,3,4,1,3
10,14,3,4,1,4
10,50,3,4,1,5
10,36,3,4,1,6
10,13,3,4,1,7
10,0,3,4,0,0
10,5,3,4,0,1
10,6,3,4,0,2
10,3,3,4,0,3
10,7,3,4,0,4
10,14,3,4,0,5
10,5,3,4,0,6
10,4,3,4,0,7
10,3,3,3,1,0
10,20,3,3,1,1
10,43,3,3,1,2
10,57,3,3,1,3
10,34,3,3,1,4
10,40,3,3,1,5
10,23,3,3,1,6
10,7,3,3,1,7
10,0,3,3,0,0
10,1,3,3,0,1
10,4,3,3,0,2
10,6,3,3,0,3
10,2,3,3,0,4
10,1,3,3,0,5
10,0,3,3,0,6
10,1,3,3,0,7
10,863,4,1,1,0
10,1103,4,1,1,1
10,741,4,1,1,2
10,421,4,1,1,3
10,292,4,1,1,4
10,393,4,1,1,5
10,154,4,1,1,6
10,30,4,1,1,7
10,42,4,1,0,0
10,97,4,1,0,1
10,65,4,1,0,2
10,36,4,1,0,3
10,28,4,1,0,4
10,49,4,1,0,5
10,27,4,1,0,6
10,7,4,1,0,7
10,162,4,2,1,0
10,121,4,2,1,1
10,45,4,2,1,2
10,26,4,2,1,3
10,16,4,2,1,4
10,30,4,2,1,5
10,13,4,2,1,6
10,5,4,2,1,7
10,4,4,2,0,0
10,10,4,2,0,1
10,6,4,2,0,2
10,7,4,2,0,3
10,5,4,2,0,4
10,6,4,2,0,5
10,4,4,2,0,6
10,0,4,2,0,7
10,135,4,0,1,0
10,292,4,0,1,1
10,261,4,0,1,2
10,138,4,0,1,3
10,101,4,0,1,4
10,201,4,0,1,5
10,108,4,0,1,6
10,39,4,0,1,7
10,4,4,0,0,0
10,10,4,0,0,1
10,13,4,0,0,2
10,9,4,0,0,3
10,11,4,0,0,4
10,20,4,0,0,5
10,15,4,0,0,6
10,5,4,0,0,7
10,0,4,4,1,0
10,36,4,4,1,1
10,50,4,4,1,2
10,34,4,4,1,3
10,15,4,4,1,4
10,42,4,4,1,5
10,26,4,4,1,6
10,5,4,4,1,7
10,0,4,4,0,0
10,4,4,4,0,1
10,4,4,4,0,2
10,5,4,4,0,3
10,4,4,4,0,4
10,13,4,4,0,5
10,7,4,4,0,6
10,4,4,4,0,7
10,16,4,3,1,0
10,42,4,3,1,1
10,78,4,3,1,2
10,84,4,3,1,3
10,61,4,3,1,4
10,74,4,3,1,5
10,36,4,3,1,6
10,9,4,3,1,7
10,1,4,3,0,0
10,2,4,3,0,1
10,5,4,3,0,2
10,10,4,3,0,3
10,5,4,3,0,4
10,6,4,3,0,5
10,2,4,3,0,6
10,2,4,3,0,7
10,403,1,1,1,0
10,584,1,1,1,1
10,340,1,1,1,2
10,192,1,1,1,3
10,126,1,1,1,4
10,166,1,1,1,5
10,47,1,1,1,6
10,4,1,1,1,7
10,16,1,1,0,0
10,24,1,1,0,1
10,16,1,1,0,2
10,18,1,1,0,3
10,14,1,1,0,4
10,14,1,1,0,5
10,4,1,1,0,6
10,0,1,1,0,7
10,29,1,2,1,0
10,32,1,2,1,1
10,10,1,2,1,2
10,6,1,2,1,3
10,7,1,2,1,4
10,6,1,2,1,5
10,4,1,2,1,6
10,1,1,2,1,7
10,2,1,2,0,0
10,1,1,2,0,1
10,0,1,2,0,2
10,1,1,2,0,3
10,0,1,2,0,4
10,1,1,2,0,5
10,2,1,2,0,6
10,0,1,2,0,7
10,29,1,0,1,0
10,68,1,0,1,1
10,70,1,0,1,2
10,25,1,0,1,3
10,35,1,0,1,4
10,49,1,0,1,5
10,18,1,0,1,6
10,4,1,0,1,7
10,0,1,0,0,0
10,1,1,0,0,1
10,4,1,0,0,2
10,2,1,0,0,3
10,2,1,0,0,4
10,5,1,0,0,5
10,1,1,0,0,6
10,1,1,0,0,7
10,0,1,4,1,0
10,16,1,4,1,1
10,4,1,4,1,2
10,4,1,4,1,3
10,4,1,4,1,4
10,4,1,4,1,5
10,13,1,4,1,6
10,2,1,4,1,7
10,0,1,4,0,0
10,0,1,4,0,1
10,0,1,4,0,2
10,1,1,4,0,3
10,2,1,4,0,4
10,2,1,4,0,5
10,3,1,4,0,6
10,0,1,4,0,7
10,8,1,3,1,0
10,32,1,3,1,1
10,44,1,3,1,2
10,24,1,3,1,3
10,22,1,3,1,4
10,23,1,3,1,5
10,4,1,3,1,6
10,1,1,3,1,7
10,0,1,3,0,0
10,2,1,3,0,1
10,1,1,3,0,2
10,2,1,3,0,3
10,1,1,3,0,4
10,4,1,3,0,5
10,3,1,3,0,6
10,0,1,3,0,7
11,3217,5,1,1,0
11,2686,5,1,1,1
11,2213,5,1,1,2
11,1990,5,1,1,3
11,1790,5,1,1,4
11,3552,5,1,1,5
11,3295,5,1,1,6
11,2740,5,1,1,7
11,858,5,1,0,0
11,855,5,1,0,1
11,654,5,1,0,2
11,510,5,1,0,3
11,445,5,1,0,4
11,1044,5,1,0,5
11,959,5,1,0,6
11,1119,5,1,0,7
11,2831,5,2,1,0
11,3047,5,2,1,1
11,891,5,2,1,2
11,493,5,2,1,3
11,379,5,2,1,4
11,836,5,2,1,5
11,759,5,2,1,6
11,421,5,2,1,7
11,709,5,2,0,0
11,900,5,2,0,1
11,217,5,2,0,2
11,147,5,2,0,3
11,158,5,2,0,4
11,337,5,2,0,5
11,321,5,2,0,6
11,118,5,2,0,7
11,1056,5,0,1,0
11,3224,5,0,1,1
11,3244,5,0,1,2
11,2569,5,0,1,3
11,2446,5,0,1,4
11,5627,5,0,1,5
11,5748,5,0,1,6
11,4384,5,0,1,7
11,85,5,0,0,0
11,546,5,0,0,1
11,781,5,0,0,2
11,762,5,0,0,3
11,755,5,0,0,4
11,2040,5,0,0,5
11,1873,5,0,0,6
11,1268,5,0,0,7
11,7,5,4,1,0
11,716,5,4,1,1
11,1533,5,4,1,2
11,1558,5,4,1,3
11,1546,5,4,1,4
11,3682,5,4,1,5
11,3308,5,4,1,6
11,2754,5,4,1,7
11,8,5,4,0,0
11,479,5,4,0,1
11,911,5,4,0,2
11,964,5,4,0,3
11,1016,5,4,0,4
11,2662,5,4,0,5
11,1975,5,4,0,6
11,1403,5,4,0,7
11,56,5,3,1,0
11,437,5,3,1,1
11,898,5,3,1,2
11,939,5,3,1,3
11,802,5,3,1,4
11,1092,5,3,1,5
11,746,5,3,1,6
11,407,5,3,1,7
11,13,5,3,0,0
11,86,5,3,0,1
11,276,5,3,0,2
11,219,5,3,0,3
11,181,5,3,0,4
11,267,5,3,0,5
11,158,5,3,0,6
11,113,5,3,0,7
11,1194,0,1,1,0
11,1308,0,1,1,1
11,955,0,1,1,2
11,865,0,1,1,3
11,713,0,1,1,4
11,1217,0,1,1,5
11,790,0,1,1,6
11,363,0,1,1,7
11,194,0,1,0,0
11,297,0,1,0,1
11,182,0,1,0,2
11,155,0,1,0,3
11,123,0,1,0,4
11,254,0,1,0,5
11,182,0,1,0,6
11,79,0,1,0,7
11,647,0,2,1,0
11,662,0,2,1,1
11,251,0,2,1,2
11,144,0,2,1,3
11,104,0,2,1,4
11,229,0,2,1,5
11,161,0,2,1,6
11,77,0,2,1,7
11,86,0,2,0,0
11,107,0,2,0,1
11,37,0,2,0,2
11,29,0,2,0,3
11,21,0,2,0,4
11,61,0,2,0,5
11,38,0,2,0,6
11,8,0,2,0,7
11,426,0,0,1,0
11,1177,0,0,1,1
11,1036,0,0,1,2
11,810,0,0,1,3
11,706,0,0,1,4
11,1508,0,0,1,5
11,1262,0,0,1,6
11,585,0,0,1,7
11,17,0,0,0,0
11,110,0,0,0,1
11,164,0,0,0,2
11,128,0,0,0,3
11,113,0,0,0,4
11,272,0,0,0,5
11,189,0,0,0,6
11,83,0,0,0,7
11,3,0,4,1,0
11,138,0,4,1,1
11,272,0,4,1,2
11,284,0,4,1,3
11,276,0,4,1,4
11,701,0,4,1,5
11,570,0,4,1,6
11,315,0,4,1,7
11,2,0,4,0,0
11,63,0,4,0,1
11,121,0,4,0,2
11,124,0,4,0,3
11,112,0,4,0,4
11,289,0,4,0,5
11,199,0,4,0,6
11,117,0,4,0,7
11,14,0,3,1,0
11,105,0,3,1,1
11,210,0,3,1,2
11,261,0,3,1,3
11,173,0,3,1,4
11,258,0,3,1,5
11,147,0,3,1,6
11,73,0,3,1,7
11,0,0,3,0,0
11,10,0,3,0,1
11,37,0,3,0,2
11,31,0,3,0,3
11,23,0,3,0,4
11,46,0,3,0,5
11,14,0,3,0,6
11,12,0,3,0,7
11,656,2,1,1,0
11,723,2,1,1,1
11,576,2,1,1,2
11,446,2,1,1,3
11,323,2,1,1,4
11,519,2,1,1,5
11,289,2,1,1,6
11,122,2,1,1,7
11,81,2,1,0,0
11,112,2,1,0,1
11,82,2,1,0,2
11,58,2,1,0,3
11,52,2,1,0,4
11,82,2,1,0,5
11,42,2,1,0,6
11,23,2,1,0,7
11,241,2,2,1,0
11,229,2,2,1,1
11,120,2,2,1,2
11,65,2,2,1,3
11,28,2,2,1,4
11,75,2,2,1,5
11,49,2,2,1,6
11,18,2,2,1,7
11,20,2,2,0,0
11,31,2,2,0,1
11,15,2,2,0,2
11,2,2,2,0,3
11,5,2,2,0,4
11,13,2,2,0,5
11,9,2,2,0,6
11,3,2,2,0,7
11,195,2,0,1,0
11,477,2,0,1,1
11,442,2,0,1,2
11,299,2,0,1,3
11,237,2,0,1,4
11,469,2,0,1,5
11,339,2,0,1,6
11,124,2,0,1,7
11,2,2,0,0,0
11,33,2,0,0,1
11,47,2,0,0,2
11,32,2,0,0,3
11,38,2,0,0,4
11,55,2,0,0,5
11,40,2,0,0,6
11,24,2,0,0,7
11,0,2,4,1,0
11,43,2,4,1,1
11,100,2,4,1,2
11,88,2,4,1,3
11,76,2,4,1,4
11,144,2,4,1,5
11,129,2,4,1,6
11,62,2,4,1,7
11,0,2,4,0,0
11,27,2,4,0,1
11,24,2,4,0,2
11,16,2,4,0,3
11,21,2,4,0,4
11,48,2,4,0,5
11,29,2,4,0,6
11,6,2,4,0,7
11,7,2,3,1,0
11,46,2,3,1,1
11,87,2,3,1,2
11,95,2,3,1,3
11,79,2,3,1,4
11,88,2,3,1,5
11,48,2,3,1,6
11,18,2,3,1,7
11,2,2,3,0,0
11,2,2,3,0,1
11,10,2,3,0,2
11,11,2,3,0,3
11,10,2,3,0,4
11,9,2,3,0,5
11,9,2,3,0,6
11,8,2,3,0,7
11,430,3,1,1,0
11,496,3,1,1,1
11,372,3,1,1,2
11,260,3,1,1,3
11,198,3,1,1,4
11,280,3,1,1,5
11,151,3,1,1,6
11,44,3,1,1,7
11,29,3,1,0,0
11,60,3,1,0,1
11,44,3,1,0,2
11,30,3,1,0,3
11,28,3,1,0,4
11,39,3,1,0,5
11,22,3,1,0,6
11,13,3,1,0,7
11,120,3,2,1,0
11,111,3,2,1,1
11,45,3,2,1,2
11,24,3,2,1,3
11,21,3,2,1,4
11,27,3,2,1,5
11,18,3,2,1,6
11,4,3,2,1,7
11,12,3,2,0,0
11,16,3,2,0,1
11,6,3,2,0,2
11,3,3,2,0,3
11,5,3,2,0,4
11,6,3,2,0,5
11,6,3,2,0,6
11,1,3,2,0,7
11,97,3,0,1,0
11,231,3,0,1,1
11,233,3,0,1,2
11,144,3,0,1,3
11,86,3,0,1,4
11,197,3,0,1,5
11,137,3,0,1,6
11,45,3,0,1,7
11,5,3,0,0,0
11,15,3,0,0,1
11,21,3,0,0,2
11,7,3,0,0,3
11,12,3,0,0,4
11,30,3,0,0,5
11,12,3,0,0,6
11,5,3,0,0,7
11,0,3,4,1,0
11,17,3,4,1,1
11,39,3,4,1,2
11,34,3,4,1,3
11,20,3,4,1,4
11,59,3,4,1,5
11,47,3,4,1,6
11,22,3,4,1,7
11,1,3,4,0,0
11,12,3,4,0,1
11,9,3,4,0,2
11,11,3,4,0,3
11,7,3,4,0,4
11,12,3,4,0,5
11,10,3,4,0,6
11,2,3,4,0,7
11,7,3,3,1,0
11,24,3,3,1,1
11,38,3,3,1,2
11,48,3,3,1,3
11,41,3,3,1,4
11,50,3,3,1,5
11,24,3,3,1,6
11,2,3,3,1,7
11,0,3,3,0,0
11,2,3,3,0,1
11,5,3,3,0,2
11,6,3,3,0,3
11,8,3,3,0,4
11,2,3,3,0,5
11,1,3,3,0,6
11,1,3,3,0,7
11,896,4,1,1,0
11,1185,4,1,1,1
11,785,4,1,1,2
11,479,4,1,1,3
11,321,4,1,1,4
11,412,4,1,1,5
11,175,4,1,1,6
11,37,4,1,1,7
11,75,4,1,0,0
11,84,4,1,0,1
11,74,4,1,0,2
11,54,4,1,0,3
11,47,4,1,0,4
11,50,4,1,0,5
11,28,4,1,0,6
11,9,4,1,0,7
11,167,4,2,1,0
11,155,4,2,1,1
11,58,4,2,1,2
11,23,4,2,1,3
11,22,4,2,1,4
11,33,4,2,1,5
11,16,4,2,1,6
11,3,4,2,1,7
11,4,4,2,0,0
11,16,4,2,0,1
11,1,4,2,0,2
11,4,4,2,0,3
11,3,4,2,0,4
11,10,4,2,0,5
11,6,4,2,0,6
11,1,4,2,0,7
11,156,4,0,1,0
11,336,4,0,1,1
11,277,4,0,1,2
11,169,4,0,1,3
11,95,4,0,1,4
11,229,4,0,1,5
11,98,4,0,1,6
11,30,4,0,1,7
11,2,4,0,0,0
11,16,4,0,0,1
11,19,4,0,0,2
11,12,4,0,0,3
11,12,4,0,0,4
11,29,4,0,0,5
11,7,4,0,0,6
11,6,4,0,0,7
11,1,4,4,1,0
11,26,4,4,1,1
11,47,4,4,1,2
11,37,4,4,1,3
11,29,4,4,1,4
11,49,4,4,1,5
11,32,4,4,1,6
11,10,4,4,1,7
11,0,4,4,0,0
11,3,4,4,0,1
11,11,4,4,0,2
11,4,4,4,0,3
11,7,4,4,0,4
11,9,4,4,0,5
11,4,4,4,0,6
11,2,4,4,0,7
11,9,4,3,1,0
11,55,4,3,1,1
11,85,4,3,1,2
11,95,4,3,1,3
11,60,4,3,1,4
11,74,4,3,1,5
11,39,4,3,1,6
11,7,4,3,1,7
11,1,4,3,0,0
11,2,4,3,0,1
11,6,4,3,0,2
11,13,4,3,0,3
11,1,4,3,0,4
11,3,4,3,0,5
11,1,4,3,0,6
11,0,4,3,0,7
11,459,1,1,1,0
11,552,1,1,1,1
11,388,1,1,1,2
11,203,1,1,1,3
11,128,1,1,1,4
11,164,1,1,1,5
11,51,1,1,1,6
11,11,1,1,1,7
11,19,1,1,0,0
11,28,1,1,0,1
11,23,1,1,0,2
11,14,1,1,0,3
11,13,1,1,0,4
11,19,1,1,0,5
11,5,1,1,0,6
11,2,1,1,0,7
11,49,1,2,1,0
11,35,1,2,1,1
11,19,1,2,1,2
11,4,1,2,1,3
11,4,1,2,1,4
11,6,1,2,1,5
11,3,1,2,1,6
11,0,1,2,1,7
11,3,1,2,0,0
11,2,1,2,0,1
11,2,1,2,0,2
11,1,1,2,0,3
11,0,1,2,0,4
11,0,1,2,0,5
11,1,1,2,0,6
11,0,1,2,0,7
11,39,1,0,1,0
11,86,1,0,1,1
11,70,1,0,1,2
11,37,1,0,1,3
11,31,1,0,1,4
11,61,1,0,1,5
11,20,1,0,1,6
11,6,1,0,1,7
11,1,1,0,0,0
11,0,1,0,0,1
11,6,1,0,0,2
11,3,1,0,0,3
11,1,1,0,0,4
11,12,1,0,0,5
11,2,1,0,0,6
11,1,1,0,0,7
11,0,1,4,1,0
11,10,1,4,1,1
11,6,1,4,1,2
11,5,1,4,1,3
11,8,1,4,1,4
11,10,1,4,1,5
11,9,1,4,1,6
11,1,1,4,1,7
11,0,1,4,0,0
11,0,1,4,0,1
11,3,1,4,0,2
11,0,1,4,0,3
11,1,1,4,0,4
11,3,1,4,0,5
11,0,1,4,0,6
11,1,1,4,0,7
11,6,1,3,1,0
11,24,1,3,1,1
11,52,1,3,1,2
11,42,1,3,1,3
11,35,1,3,1,4
11,25,1,3,1,5
11,8,1,3,1,6
11,2,1,3,1,7
11,3,1,3,0,0
11,2,1,3,0,1
11,3,1,3,0,2
11,2,1,3,0,3
11,3,1,3,0,4
11,4,1,3,0,5
11,3,1,3,0,6
11,0,1,3,0,7
12,3380,5,1,1,0
12,2766,5,1,1,1
12,2538,5,1,1,2
12,2393,5,1,1,3
12,2008,5,1,1,4
12,4024,5,1,1,5
12,3702,5,1,1,6
12,3023,5,1,1,7
12,956,5,1,0,0
12,1030,5,1,0,1
12,780,5,1,0,2
12,664,5,1,0,3
12,551,5,1,0,4
12,1173,5,1,0,5
12,1047,5,1,0,6
12,1149,5,1,0,7
12,2026,5,2,1,0
12,2815,5,2,1,1
12,1137,5,2,1,2
12,561,5,2,1,3
12,422,5,2,1,4
12,919,5,2,1,5
12,821,5,2,1,6
12,496,5,2,1,7
12,857,5,2,0,0
12,1086,5,2,0,1
12,333,5,2,0,2
12,199,5,2,0,3
12,175,5,2,0,4
12,403,5,2,0,5
12,339,5,2,0,6
12,126,5,2,0,7
12,1023,5,0,1,0
12,3160,5,0,1,1
12,3733,5,0,1,2
12,3130,5,0,1,3
12,2771,5,0,1,4
12,6759,5,0,1,5
12,6814,5,0,1,6
12,4951,5,0,1,7
12,105,5,0,0,0
12,585,5,0,0,1
12,982,5,0,0,2
12,942,5,0,0,3
12,921,5,0,0,4
12,2379,5,0,0,5
12,2170,5,0,0,6
12,1424,5,0,0,7
12,11,5,4,1,0
12,710,5,4,1,1
12,1701,5,4,1,2
12,1818,5,4,1,3
12,1713,5,4,1,4
12,4104,5,4,1,5
12,3730,5,4,1,6
12,3039,5,4,1,7
12,6,5,4,0,0
12,628,5,4,0,1
12,1244,5,4,0,2
12,1342,5,4,0,3
12,1171,5,4,0,4
12,3019,5,4,0,5
12,2197,5,4,0,6
12,1575,5,4,0,7
12,39,5,3,1,0
12,437,5,3,1,1
12,1002,5,3,1,2
12,1146,5,3,1,3
12,911,5,3,1,4
12,1365,5,3,1,5
12,922,5,3,1,6
12,499,5,3,1,7
12,7,5,3,0,0
12,97,5,3,0,1
12,329,5,3,0,2
12,282,5,3,0,3
12,228,5,3,0,4
12,324,5,3,0,5
12,193,5,3,0,6
12,112,5,3,0,7
12,1217,0,1,1,0
12,1319,0,1,1,1
12,1125,0,1,1,2
12,971,0,1,1,3
12,792,0,1,1,4
12,1328,0,1,1,5
12,920,0,1,1,6
12,465,0,1,1,7
12,178,0,1,0,0
12,301,0,1,0,1
12,232,0,1,0,2
12,165,0,1,0,3
12,168,0,1,0,4
12,248,0,1,0,5
12,168,0,1,0,6
12,102,0,1,0,7
12,508,0,2,1,0
12,666,0,2,1,1
12,302,0,2,1,2
12,193,0,2,1,3
12,135,0,2,1,4
12,254,0,2,1,5
12,208,0,2,1,6
12,92,0,2,1,7
12,98,0,2,0,0
12,160,0,2,0,1
12,64,0,2,0,2
12,31,0,2,0,3
12,19,0,2,0,4
12,70,0,2,0,5
12,47,0,2,0,6
12,17,0,2,0,7
12,422,0,0,1,0
12,1127,0,0,1,1
12,1179,0,0,1,2
12,913,0,0,1,3
12,806,0,0,1,4
12,1679,0,0,1,5
12,1407,0,0,1,6
12,646,0,0,1,7
12,21,0,0,0,0
12,128,0,0,0,1
12,214,0,0,0,2
12,199,0,0,0,3
12,142,0,0,0,4
12,316,0,0,0,5
12,230,0,0,0,6
12,107,0,0,0,7
12,4,0,4,1,0
12,129,0,4,1,1
12,310,0,4,1,2
12,354,0,4,1,3
12,339,0,4,1,4
12,824,0,4,1,5
12,646,0,4,1,6
12,381,0,4,1,7
12,0,0,4,0,0
12,100,0,4,0,1
12,151,0,4,0,2
12,157,0,4,0,3
12,143,0,4,0,4
12,350,0,4,0,5
12,284,0,4,0,6
12,133,0,4,0,7
12,9,0,3,1,0
12,104,0,3,1,1
12,256,0,3,1,2
12,273,0,3,1,3
12,212,0,3,1,4
12,306,0,3,1,5
12,186,0,3,1,6
12,79,0,3,1,7
12,2,0,3,0,0
12,15,0,3,0,1
12,44,0,3,0,2
12,40,0,3,0,3
12,45,0,3,0,4
12,42,0,3,0,5
12,30,0,3,0,6
12,9,0,3,0,7
12,626,2,1,1,0
12,785,2,1,1,1
12,601,2,1,1,2
12,492,2,1,1,3
12,385,2,1,1,4
12,557,2,1,1,5
12,343,2,1,1,6
12,109,2,1,1,7
12,80,2,1,0,0
12,152,2,1,0,1
12,120,2,1,0,2
12,70,2,1,0,3
12,66,2,1,0,4
12,106,2,1,0,5
12,59,2,1,0,6
12,30,2,1,0,7
12,199,2,2,1,0
12,250,2,2,1,1
12,114,2,2,1,2
12,71,2,2,1,3
12,51,2,2,1,4
12,71,2,2,1,5
12,66,2,2,1,6
12,20,2,2,1,7
12,31,2,2,0,0
12,46,2,2,0,1
12,14,2,2,0,2
12,8,2,2,0,3
12,8,2,2,0,4
12,22,2,2,0,5
12,12,2,2,0,6
12,1,2,2,0,7
12,198,2,0,1,0
12,476,2,0,1,1
12,465,2,0,1,2
12,335,2,0,1,3
12,276,2,0,1,4
12,528,2,0,1,5
12,390,2,0,1,6
12,122,2,0,1,7
12,6,2,0,0,0
12,29,2,0,0,1
12,52,2,0,0,2
12,42,2,0,0,3
12,44,2,0,0,4
12,71,2,0,0,5
12,57,2,0,0,6
12,13,2,0,0,7
12,2,2,4,1,0
12,59,2,4,1,1
12,99,2,4,1,2
12,104,2,4,1,3
12,84,2,4,1,4
12,155,2,4,1,5
12,157,2,4,1,6
12,81,2,4,1,7
12,1,2,4,0,0
12,28,2,4,0,1
12,32,2,4,0,2
12,22,2,4,0,3
12,22,2,4,0,4
12,37,2,4,0,5
12,33,2,4,0,6
12,22,2,4,0,7
12,7,2,3,1,0
12,58,2,3,1,1
12,97,2,3,1,2
12,136,2,3,1,3
12,80,2,3,1,4
12,97,2,3,1,5
12,55,2,3,1,6
12,14,2,3,1,7
12,1,2,3,0,0
12,1,2,3,0,1
12,16,2,3,0,2
12,14,2,3,0,3
12,15,2,3,0,4
12,16,2,3,0,5
12,6,2,3,0,6
12,4,2,3,0,7
12,382,3,1,1,0
12,489,3,1,1,1
12,397,3,1,1,2
12,271,3,1,1,3
12,196,3,1,1,4
12,265,3,1,1,5
12,146,3,1,1,6
12,40,3,1,1,7
12,37,3,1,0,0
12,65,3,1,0,1
12,44,3,1,0,2
12,42,3,1,0,3
12,29,3,1,0,4
12,35,3,1,0,5
12,19,3,1,0,6
12,15,3,1,0,7
12,93,3,2,1,0
12,117,3,2,1,1
12,58,3,2,1,2
12,30,3,2,1,3
12,16,3,2,1,4
12,25,3,2,1,5
12,20,3,2,1,6
12,3,3,2,1,7
12,14,3,2,0,0
12,15,3,2,0,1
12,7,3,2,0,2
12,1,3,2,0,3
12,2,3,2,0,4
12,6,3,2,0,5
12,3,3,2,0,6
12,4,3,2,0,7
12,95,3,0,1,0
12,233,3,0,1,1
12,194,3,0,1,2
12,156,3,0,1,3
12,105,3,0,1,4
12,214,3,0,1,5
12,131,3,0,1,6
12,55,3,0,1,7
12,4,3,0,0,0
12,15,3,0,0,1
12,21,3,0,0,2
12,16,3,0,0,3
12,10,3,0,0,4
12,26,3,0,0,5
12,12,3,0,0,6
12,4,3,0,0,7
12,0,3,4,1,0
12,25,3,4,1,1
12,45,3,4,1,2
12,35,3,4,1,3
12,25,3,4,1,4
12,44,3,4,1,5
12,46,3,4,1,6
12,20,3,4,1,7
12,0,3,4,0,0
12,16,3,4,0,1
12,11,3,4,0,2
12,7,3,4,0,3
12,7,3,4,0,4
12,18,3,4,0,5
12,7,3,4,0,6
12,6,3,4,0,7
12,6,3,3,1,0
12,28,3,3,1,1
12,48,3,3,1,2
12,63,3,3,1,3
12,50,3,3,1,4
12,52,3,3,1,5
12,38,3,3,1,6
12,9,3,3,1,7
12,0,3,3,0,0
12,1,3,3,0,1
12,6,3,3,0,2
12,4,3,3,0,3
12,1,3,3,0,4
12,6,3,3,0,5
12,6,3,3,0,6
12,2,3,3,0,7
12,925,4,1,1,0
12,1165,4,1,1,1
12,824,4,1,1,2
12,517,4,1,1,3
12,362,4,1,1,4
12,441,4,1,1,5
12,187,4,1,1,6
12,44,4,1,1,7
12,67,4,1,0,0
12,104,4,1,0,1
12,83,4,1,0,2
12,47,4,1,0,3
12,42,4,1,0,4
12,60,4,1,0,5
12,36,4,1,0,6
12,10,4,1,0,7
12,155,4,2,1,0
12,195,4,2,1,1
12,71,4,2,1,2
12,37,4,2,1,3
12,24,4,2,1,4
12,32,4,2,1,5
12,18,4,2,1,6
12,5,4,2,1,7
12,11,4,2,0,0
12,17,4,2,0,1
12,7,4,2,0,2
12,8,4,2,0,3
12,6,4,2,0,4
12,7,4,2,0,5
12,5,4,2,0,6
12,0,4,2,0,7
12,155,4,0,1,0
12,323,4,0,1,1
12,318,4,0,1,2
12,210,4,0,1,3
12,127,4,0,1,4
12,239,4,0,1,5
12,137,4,0,1,6
12,59,4,0,1,7
12,3,4,0,0,0
12,20,4,0,0,1
12,27,4,0,0,2
12,19,4,0,0,3
12,15,4,0,0,4
12,21,4,0,0,5
12,19,4,0,0,6
12,8,4,0,0,7
12,0,4,4,1,0
12,28,4,4,1,1
12,52,4,4,1,2
12,38,4,4,1,3
12,33,4,4,1,4
12,50,4,4,1,5
12,37,4,4,1,6
12,17,4,4,1,7
12,0,4,4,0,0
12,7,4,4,0,1
12,11,4,4,0,2
12,6,4,4,0,3
12,3,4,4,0,4
12,15,4,4,0,5
12,8,4,4,0,6
12,3,4,4,0,7
12,7,4,3,1,0
12,61,4,3,1,1
12,94,4,3,1,2
12,111,4,3,1,3
12,62,4,3,1,4
12,66,4,3,1,5
12,43,4,3,1,6
12,8,4,3,1,7
12,0,4,3,0,0
12,3,4,3,0,1
12,7,4,3,0,2
12,8,4,3,0,3
12,6,4,3,0,4
12,8,4,3,0,5
12,4,4,3,0,6
12,0,4,3,0,7
12,456,1,1,1,0
12,536,1,1,1,1
12,368,1,1,1,2
12,179,1,1,1,3
12,130,1,1,1,4
12,173,1,1,1,5
12,56,1,1,1,6
12,13,1,1,1,7
12,17,1,1,0,0
12,27,1,1,0,1
12,27,1,1,0,2
12,18,1,1,0,3
12,11,1,1,0,4
12,15,1,1,0,5
12,1,1,1,0,6
12,2,1,1,0,7
12,40,1,2,1,0
12,36,1,2,1,1
12,24,1,2,1,2
12,9,1,2,1,3
12,4,1,2,1,4
12,11,1,2,1,5
12,5,1,2,1,6
12,1,1,2,1,7
12,3,1,2,0,0
12,2,1,2,0,1
12,2,1,2,0,2
12,0,1,2,0,3
12,1,1,2,0,4
12,3,1,2,0,5
12,1,1,2,0,6
12,0,1,2,0,7
12,49,1,0,1,0
12,76,1,0,1,1
12,81,1,0,1,2
12,53,1,0,1,3
12,33,1,0,1,4
12,54,1,0,1,5
12,15,1,0,1,6
12,3,1,0,1,7
12,1,1,0,0,0
12,3,1,0,0,1
12,3,1,0,0,2
12,2,1,0,0,3
12,2,1,0,0,4
12,9,1,0,0,5
12,5,1,0,0,6
12,1,1,0,0,7
12,0,1,4,1,0
12,7,1,4,1,1
12,8,1,4,1,2
12,6,1,4,1,3
12,5,1,4,1,4
12,8,1,4,1,5
12,12,1,4,1,6
12,0,1,4,1,7
12,0,1,4,0,0
12,2,1,4,0,1
12,0,1,4,0,2
12,0,1,4,0,3
12,1,1,4,0,4
12,4,1,4,0,5
12,3,1,4,0,6
12,2,1,4,0,7
12,1,1,3,1,0
12,29,1,3,1,1
12,42,1,3,1,2
12,58,1,3,1,3
12,20,1,3,1,4
12,28,1,3,1,5
12,10,1,3,1,6
12,3,1,3,1,7
12,0,1,3,0,0
12,1,1,3,0,1
12,3,1,3,0,2
12,2,1,3,0,3
12,3,1,3,0,4
12,0,1,3,0,5
12,0,1,3,0,6
12,2,1,3,0,7
